old_url,slug,order,family,subfamily,filename,pattern
Accipitriformes/Fotos_AguilaHarpia.html,AguilaHarpia,Accipitriformes,,,Fotos_AguilaHarpia.html,Fotos_
Accipitriformes/Fotos_AguilaMora.html,AguilaMora,Accipitriformes,,,Fotos_AguilaMora.html,Fotos_
Accipitriformes/Fotos_AguilaNegra.html,AguilaNegra,Accipitriformes,,,Fotos_AguilaNegra.html,Fotos_
Accipitriformes/Fotos_AguilaPescadora.html,AguilaPescadora,Accipitriformes,,,Fotos_AguilaPescadora.html,Fotos_
Accipitriformes/Fotos_AguilaPoma.html,AguilaPoma,Accipitriformes,,,Fotos_AguilaPoma.html,Fotos_
Accipitriformes/Fotos_AguiluchoAlasLargas.html,AguiluchoAlasLargas,Accipitriformes,,,Fotos_AguiluchoAlasLargas.html,Fotos_
Accipitriformes/Fotos_AguiluchoColorado.html,AguiluchoColorado,Accipitriformes,,,Fotos_AguiluchoColorado.html,Fotos_
Accipitriformes/Fotos_AguiluchoComun.html,AguiluchoComun,Accipitriformes,,,Fotos_AguiluchoComun.html,Fotos_
Accipitriformes/Fotos_AguiluchoLangostero.html,AguiluchoLangostero,Accipitriformes,,,Fotos_AguiluchoLangostero.html,Fotos_
Accipitriformes/Fotos_AguiluchoPampa.html,AguiluchoPampa,Accipitriformes,,,Fotos_AguiluchoPampa.html,Fotos_
Accipitriformes/Fotos_Caracolero.html,Caracolero,Accipitriformes,,,Fotos_Caracolero.html,Fotos_
Accipitriformes/Fotos_EsparveroComun.html,EsparveroComun,Accipitriformes,,,Fotos_EsparveroComun.html,Fotos_
Accipitriformes/Fotos_EsparveroPatagonico.html,EsparveroPatagonico,Accipitriformes,,,Fotos_EsparveroPatagonico.html,Fotos_
Accipitriformes/Fotos_EsparveroVariado.html,EsparveroVariado,Accipitriformes,,,Fotos_EsparveroVariado.html,Fotos_
Accipitriformes/Fotos_GavilanCeniciento.html,GavilanCeniciento,Accipitriformes,,,Fotos_GavilanCeniciento.html,Fotos_
Accipitriformes/Fotos_GavilanMixto.html,GavilanMixto,Accipitriformes,,,Fotos_GavilanMixto.html,Fotos_
Accipitriformes/Fotos_GavilanPlaneador.html,GavilanPlaneador,Accipitriformes,,,Fotos_GavilanPlaneador.html,Fotos_
Accipitriformes/Fotos_MilanoBlanco.html,MilanoBlanco,Accipitriformes,,,Fotos_MilanoBlanco.html,Fotos_
Accipitriformes/Fotos_MilanoPlomizo.html,MilanoPlomizo,Accipitriformes,,,Fotos_MilanoPlomizo.html,Fotos_
Accipitriformes/Fotos_MilanoTijereta.html,MilanoTijereta,Accipitriformes,,,Fotos_MilanoTijereta.html,Fotos_
Accipitriformes/Fotos_Taguato.html,Taguato,Accipitriformes,,,Fotos_Taguato.html,Fotos_
Accipitriformes/Fotos_TaguatoNegro.html,TaguatoNegro,Accipitriformes,,,Fotos_TaguatoNegro.html,Fotos_
Anseriformes/Fotos_Caranca.html,Caranca,Anseriformes,,,Fotos_Caranca.html,Fotos_
Anseriformes/Fotos_CauquenColorado.html,CauquenColorado,Anseriformes,,,Fotos_CauquenColorado.html,Fotos_
Anseriformes/Fotos_CauquenComun.html,CauquenComun,Anseriformes,,,Fotos_CauquenComun.html,Fotos_
Anseriformes/Fotos_CauquenReal.html,CauquenReal,Anseriformes,,,Fotos_CauquenReal.html,Fotos_
Anseriformes/Fotos_Chaja.html,Chaja,Anseriformes,,,Fotos_Chaja.html,Fotos_
Anseriformes/Fotos_CisneCuelloNegro.html,CisneCuelloNegro,Anseriformes,,,Fotos_CisneCuelloNegro.html,Fotos_
Anseriformes/Fotos_Coscoroba.html,Coscoroba,Anseriformes,,,Fotos_Coscoroba.html,Fotos_
Anseriformes/Fotos_Guayata.html,Guayata,Anseriformes,,,Fotos_Guayata.html,Fotos_
Anseriformes/Fotos_Pato.html,Pato,Anseriformes,,,Fotos_Pato.html,Fotos_
Anseriformes/Fotos_PatoBarcino.html,PatoBarcino,Anseriformes,,,Fotos_PatoBarcino.html,Fotos_
Anseriformes/Fotos_PatoCabezaNegra.html,PatoCabezaNegra,Anseriformes,,,Fotos_PatoCabezaNegra.html,Fotos_
Anseriformes/Fotos_PatoCapuchino.html,PatoCapuchino,Anseriformes,,,Fotos_PatoCapuchino.html,Fotos_
Anseriformes/Fotos_PatoColorado.html,PatoColorado,Anseriformes,,,Fotos_PatoColorado.html,Fotos_
Anseriformes/Fotos_PatoCreston.html,PatoCreston,Anseriformes,,,Fotos_PatoCreston.html,Fotos_
Anseriformes/Fotos_PatoCuchara.html,PatoCuchara,Anseriformes,,,Fotos_PatoCuchara.html,Fotos_
Anseriformes/Fotos_PatoCutiri.html,PatoCutiri,Anseriformes,,,Fotos_PatoCutiri.html,Fotos_
Anseriformes/Fotos_PatoDeAnteojos.html,PatoDeAnteojos,Anseriformes,,,Fotos_PatoDeAnteojos.html,Fotos_
Anseriformes/Fotos_PatoDeCollar.html,PatoDeCollar,Anseriformes,,,Fotos_PatoDeCollar.html,Fotos_
Anseriformes/Fotos_PatoDeTorrente.html,PatoDeTorrente,Anseriformes,,,Fotos_PatoDeTorrente.html,Fotos_
Anseriformes/Fotos_PatoFierro.html,PatoFierro,Anseriformes,,,Fotos_PatoFierro.html,Fotos_
Anseriformes/Fotos_PatoGargantilla.html,PatoGargantilla,Anseriformes,,,Fotos_PatoGargantilla.html,Fotos_
Anseriformes/Fotos_PatoMaicero.html,PatoMaicero,Anseriformes,,,Fotos_PatoMaicero.html,Fotos_
Anseriformes/Fotos_PatoOvero.html,PatoOvero,Anseriformes,,,Fotos_PatoOvero.html,Fotos_
Anseriformes/Fotos_PatoPicazo.html,PatoPicazo,Anseriformes,,,Fotos_PatoPicazo.html,Fotos_
Anseriformes/Fotos_PatoPuneno.html,PatoPuneno,Anseriformes,,,Fotos_PatoPuneno.html,Fotos_
Anseriformes/Fotos_PatoReal.html,PatoReal,Anseriformes,,,Fotos_PatoReal.html,Fotos_
Anseriformes/Fotos_PatoZambullidorChico.html,PatoZambullidorChico,Anseriformes,,,Fotos_PatoZambullidorChico.html,Fotos_
Anseriformes/Fotos_PatoZambullidorGrande.html,PatoZambullidorGrande,Anseriformes,,,Fotos_PatoZambullidorGrande.html,Fotos_
Anseriformes/Fotos_QuetroAustral.html,QuetroAustral,Anseriformes,,,Fotos_QuetroAustral.html,Fotos_
Anseriformes/Fotos_QuetroCabezaBlanca.html,QuetroCabezaBlanca,Anseriformes,,,Fotos_QuetroCabezaBlanca.html,Fotos_
Anseriformes/Fotos_QuetroVolador.html,QuetroVolador,Anseriformes,,,Fotos_QuetroVolador.html,Fotos_
Anseriformes/Fotos_SiririColorado.html,SiririColorado,Anseriformes,,,Fotos_SiririColorado.html,Fotos_
Anseriformes/Fotos_SiririPampa.html,SiririPampa,Anseriformes,,,Fotos_SiririPampa.html,Fotos_
Anseriformes/Fotos_SiririVientreNegro.html,SiririVientreNegro,Anseriformes,,,Fotos_SiririVientreNegro.html,Fotos_
Apodiformes/Fotos_VencejoBlanco.html,VencejoBlanco,Apodiformes,,,Fotos_VencejoBlanco.html,Fotos_
Apodiformes/Fotos_VencejoDeCascada.html,VencejoDeCascada,Apodiformes,,,Fotos_VencejoDeCascada.html,Fotos_
Apodiformes/Fotos_VencejoDeCollar.html,VencejoDeCollar,Apodiformes,,,Fotos_VencejoDeCollar.html,Fotos_
Caprimulgiformes/Fotos_AtajacaminosChico.html,AtajacaminosChico,Caprimulgiformes,,,Fotos_AtajacaminosChico.html,Fotos_
Caprimulgiformes/Fotos_AtajacaminosNanarca.html,AtajacaminosNanarca,Caprimulgiformes,,,Fotos_AtajacaminosNanarca.html,Fotos_
Caprimulgiformes/Fotos_AtajacaminosOcelado.html,AtajacaminosOcelado,Caprimulgiformes,,,Fotos_AtajacaminosOcelado.html,Fotos_
Caprimulgiformes/Fotos_AtajacaminosTijera.html,AtajacaminosTijera,Caprimulgiformes,,,Fotos_AtajacaminosTijera.html,Fotos_
Caprimulgiformes/Fotos_Curiango.html,Curiango,Caprimulgiformes,,,Fotos_Curiango.html,Fotos_
Caprimulgiformes/Fotos_Nacunda.html,Nacunda,Caprimulgiformes,,,Fotos_Nacunda.html,Fotos_
Caprimulgiformes/Fotos_Urutau.html,Urutau,Caprimulgiformes,,,Fotos_Urutau.html,Fotos_
Cathartiformes/Fotos_CondorAndino.html,CondorAndino,Cathartiformes,,,Fotos_CondorAndino.html,Fotos_
Cathartiformes/Fotos_JoteCabezaAmarilla.html,JoteCabezaAmarilla,Cathartiformes,,,Fotos_JoteCabezaAmarilla.html,Fotos_
Cathartiformes/Fotos_JoteCabezaColorada.html,JoteCabezaColorada,Cathartiformes,,,Fotos_JoteCabezaColorada.html,Fotos_
Cathartiformes/Fotos_JoteCabezaNegra.html,JoteCabezaNegra,Cathartiformes,,,Fotos_JoteCabezaNegra.html,Fotos_
Cathartiformes/Fotos_JoteReal.html,JoteReal,Cathartiformes,,,Fotos_JoteReal.html,Fotos_
Charadriiformes/FotosPlayerasB_AgachonaChica.html,AgachonaChica,Charadriiformes,,,FotosPlayerasB_AgachonaChica.html,FotosPlayerasX_
Charadriiformes/FotosPlayerasB_AgachonaDeCollar.html,AgachonaDeCollar,Charadriiformes,,,FotosPlayerasB_AgachonaDeCollar.html,FotosPlayerasX_
Charadriiformes/FotosPlayerasB_AgachonaPatagonica.html,AgachonaPatagonica,Charadriiformes,,,FotosPlayerasB_AgachonaPatagonica.html,FotosPlayerasX_
Charadriiformes/FotosPlayerasB_Aguatero.html,Aguatero,Charadriiformes,,,FotosPlayerasB_Aguatero.html,FotosPlayerasX_
Charadriiformes/FotosPlayerasC_Ati.html,Ati,Charadriiformes,,,FotosPlayerasC_Ati.html,FotosPlayerasX_
Charadriiformes/FotosPlayerasB_Batitu.html,Batitu,Charadriiformes,,,FotosPlayerasB_Batitu.html,FotosPlayerasX_
Charadriiformes/FotosPlayerasB_BecasaDeMar.html,BecasaDeMar,Charadriiformes,,,FotosPlayerasB_BecasaDeMar.html,FotosPlayerasX_
Charadriiformes/FotosPlayerasB_BecasaGris.html,BecasaGris,Charadriiformes,,,FotosPlayerasB_BecasaGris.html,FotosPlayerasX_
Charadriiformes/FotosPlayerasB_BecasinaAndina.html,BecasinaAndina,Charadriiformes,,,FotosPlayerasB_BecasinaAndina.html,FotosPlayerasX_
Charadriiformes/FotosPlayerasB_BecasinaComun.html,BecasinaComun,Charadriiformes,,,FotosPlayerasB_BecasinaComun.html,FotosPlayerasX_
Charadriiformes/FotosPlayerasA_ChorlitoCeniciento.html,ChorlitoCeniciento,Charadriiformes,,,FotosPlayerasA_ChorlitoCeniciento.html,FotosPlayerasX_
Charadriiformes/FotosPlayerasA_ChorlitoDeCollar.html,ChorlitoDeCollar,Charadriiformes,,,FotosPlayerasA_ChorlitoDeCollar.html,FotosPlayerasX_
Charadriiformes/FotosPlayerasA_ChorlitoDeVincha.html,ChorlitoDeVincha,Charadriiformes,,,FotosPlayerasA_ChorlitoDeVincha.html,FotosPlayerasX_
Charadriiformes/FotosPlayerasA_ChorlitoDobleCollar.html,ChorlitoDobleCollar,Charadriiformes,,,FotosPlayerasA_ChorlitoDobleCollar.html,FotosPlayerasX_
Charadriiformes/FotosPlayerasA_ChorlitoPalmado.html,ChorlitoPalmado,Charadriiformes,,,FotosPlayerasA_ChorlitoPalmado.html,FotosPlayerasX_
Charadriiformes/FotosPlayerasA_ChorlitoPechoCanela.html,ChorlitoPechoCanela,Charadriiformes,,,FotosPlayerasA_ChorlitoPechoCanela.html,FotosPlayerasX_
Charadriiformes/FotosPlayerasA_ChorloArtico.html,ChorloArtico,Charadriiformes,,,FotosPlayerasA_ChorloArtico.html,FotosPlayerasX_
Charadriiformes/FotosPlayerasA_ChorloCabezon.html,ChorloCabezon,Charadriiformes,,,FotosPlayerasA_ChorloCabezon.html,FotosPlayerasX_
Charadriiformes/FotosPlayerasA_ChorloPampa.html,ChorloPampa,Charadriiformes,,,FotosPlayerasA_ChorloPampa.html,FotosPlayerasX_
Charadriiformes/FotosPlayerasC_EscuaComun.html,EscuaComun,Charadriiformes,,,FotosPlayerasC_EscuaComun.html,FotosPlayerasX_
Charadriiformes/FotosPlayerasB_FaloropoComun.html,FaloropoComun,Charadriiformes,,,FotosPlayerasB_FaloropoComun.html,FotosPlayerasX_
Charadriiformes/FotosPlayerasC_GaviotaAndina.html,GaviotaAndina,Charadriiformes,,,FotosPlayerasC_GaviotaAndina.html,FotosPlayerasX_
Charadriiformes/FotosPlayerasC_GaviotaCangrejera.html,GaviotaCangrejera,Charadriiformes,,,FotosPlayerasC_GaviotaCangrejera.html,FotosPlayerasX_
Charadriiformes/FotosPlayerasC_GaviotaCapuchoCafe.html,GaviotaCapuchoCafe,Charadriiformes,,,FotosPlayerasC_GaviotaCapuchoCafe.html,FotosPlayerasX_
Charadriiformes/FotosPlayerasC_GaviotaCapuchoGris.html,GaviotaCapuchoGris,Charadriiformes,,,FotosPlayerasC_GaviotaCapuchoGris.html,FotosPlayerasX_
Charadriiformes/FotosPlayerasC_GaviotaChica.html,GaviotaChica,Charadriiformes,,,FotosPlayerasC_GaviotaChica.html,FotosPlayerasX_
Charadriiformes/FotosPlayerasC_GaviotaCocinera.html,GaviotaCocinera,Charadriiformes,,,FotosPlayerasC_GaviotaCocinera.html,FotosPlayerasX_
Charadriiformes/FotosPlayerasC_GaviotaGaruma.html,GaviotaGaruma,Charadriiformes,,,FotosPlayerasC_GaviotaGaruma.html,FotosPlayerasX_
Charadriiformes/FotosPlayerasC_GaviotaGris.html,GaviotaGris,Charadriiformes,,,FotosPlayerasC_GaviotaGris.html,FotosPlayerasX_
Charadriiformes/FotosPlayerasC_GaviotinChico.html,GaviotinChico,Charadriiformes,,,FotosPlayerasC_GaviotinChico.html,FotosPlayerasX_
Charadriiformes/FotosPlayerasC_GaviotinGolondrina.html,GaviotinGolondrina,Charadriiformes,,,FotosPlayerasC_GaviotinGolondrina.html,FotosPlayerasX_
Charadriiformes/FotosPlayerasC_GaviotinLagunero.html,GaviotinLagunero,Charadriiformes,,,FotosPlayerasC_GaviotinLagunero.html,FotosPlayerasX_
Charadriiformes/FotosPlayerasC_GaviotinPicoAmarillo.html,GaviotinPicoAmarillo,Charadriiformes,,,FotosPlayerasC_GaviotinPicoAmarillo.html,FotosPlayerasX_
Charadriiformes/FotosPlayerasC_GaviotinPicoGrueso.html,GaviotinPicoGrueso,Charadriiformes,,,FotosPlayerasC_GaviotinPicoGrueso.html,FotosPlayerasX_
Charadriiformes/FotosPlayerasC_GaviotinReal.html,GaviotinReal,Charadriiformes,,,FotosPlayerasC_GaviotinReal.html,FotosPlayerasX_
Charadriiformes/FotosPlayerasC_GaviotinSudamericano.html,GaviotinSudamericano,Charadriiformes,,,FotosPlayerasC_GaviotinSudamericano.html,FotosPlayerasX_
Charadriiformes/FotosPlayerasB_Jacana.html,Jacana,Charadriiformes,,,FotosPlayerasB_Jacana.html,FotosPlayerasX_
Charadriiformes/FotosPlayerasA_OstreroAustral.html,OstreroAustral,Charadriiformes,,,FotosPlayerasA_OstreroAustral.html,FotosPlayerasX_
Charadriiformes/FotosPlayerasA_OstreroComun.html,OstreroComun,Charadriiformes,,,FotosPlayerasA_OstreroComun.html,FotosPlayerasX_
Charadriiformes/FotosPlayerasA_OstreroNegro.html,OstreroNegro,Charadriiformes,,,FotosPlayerasA_OstreroNegro.html,FotosPlayerasX_
Charadriiformes/FotosPlayerasA_PalomaAntartica.html,PalomaAntartica,Charadriiformes,,,FotosPlayerasA_PalomaAntartica.html,FotosPlayerasX_
Charadriiformes/FotosPlayerasB_PitotoyChico.html,PitotoyChico,Charadriiformes,,,FotosPlayerasB_PitotoyChico.html,FotosPlayerasX_
Charadriiformes/FotosPlayerasB_PitotoyGrande.html,PitotoyGrande,Charadriiformes,,,FotosPlayerasB_PitotoyGrande.html,FotosPlayerasX_
Charadriiformes/FotosPlayerasB_PitotoySolitario.html,PitotoySolitario,Charadriiformes,,,FotosPlayerasB_PitotoySolitario.html,FotosPlayerasX_
Charadriiformes/FotosPlayerasB_PlayeritoBlanco.html,PlayeritoBlanco,Charadriiformes,,,FotosPlayerasB_PlayeritoBlanco.html,FotosPlayerasX_
Charadriiformes/FotosPlayerasB_PlayeritoCanela.html,PlayeritoCanela,Charadriiformes,,,FotosPlayerasB_PlayeritoCanela.html,FotosPlayerasX_
Charadriiformes/FotosPlayerasB_PlayeritoEnano.html,PlayeritoEnano,Charadriiformes,,,FotosPlayerasB_PlayeritoEnano.html,FotosPlayerasX_
Charadriiformes/FotosPlayerasB_PlayeritoManchado.html,PlayeritoManchado,Charadriiformes,,,FotosPlayerasB_PlayeritoManchado.html,FotosPlayerasX_
Charadriiformes/FotosPlayerasB_PlayeritoRabadillaBlanca.html,PlayeritoRabadillaBlanca,Charadriiformes,,,FotosPlayerasB_PlayeritoRabadillaBlanca.html,FotosPlayerasX_
Charadriiformes/FotosPlayerasB_PlayeritoUnicolor.html,PlayeritoUnicolor,Charadriiformes,,,FotosPlayerasB_PlayeritoUnicolor.html,FotosPlayerasX_
Charadriiformes/FotosPlayerasB_PlayeroAlaBlanca.html,PlayeroAlaBlanca,Charadriiformes,,,FotosPlayerasB_PlayeroAlaBlanca.html,FotosPlayerasX_
Charadriiformes/FotosPlayerasB_PlayeroPectoral.html,PlayeroPectoral,Charadriiformes,,,FotosPlayerasB_PlayeroPectoral.html,FotosPlayerasX_
Charadriiformes/FotosPlayerasB_PlayeroRojizo.html,PlayeroRojizo,Charadriiformes,,,FotosPlayerasB_PlayeroRojizo.html,FotosPlayerasX_
Charadriiformes/FotosPlayerasB_PlayeroTrinador.html,PlayeroTrinador,Charadriiformes,,,FotosPlayerasB_PlayeroTrinador.html,FotosPlayerasX_
Charadriiformes/FotosPlayerasB_PlayeroZancudo.html,PlayeroZancudo,Charadriiformes,,,FotosPlayerasB_PlayeroZancudo.html,FotosPlayerasX_
Charadriiformes/FotosPlayerasB_PlayerodeRompiente.html,PlayerodeRompiente,Charadriiformes,,,FotosPlayerasB_PlayerodeRompiente.html,FotosPlayerasX_
Charadriiformes/FotosPlayerasC_Rayador.html,Rayador,Charadriiformes,,,FotosPlayerasC_Rayador.html,FotosPlayerasX_
Charadriiformes/FotosPlayerasA_TeroComun.html,TeroComun,Charadriiformes,,,FotosPlayerasA_TeroComun.html,FotosPlayerasX_
Charadriiformes/FotosPlayerasA_TeroReal.html,TeroReal,Charadriiformes,,,FotosPlayerasA_TeroReal.html,FotosPlayerasX_
Charadriiformes/FotosPlayerasB_Vuelvepiedras.html,Vuelvepiedras,Charadriiformes,,,FotosPlayerasB_Vuelvepiedras.html,FotosPlayerasX_
Ciconiiformes/Fotos_CiguenaAmericana.html,CiguenaAmericana,Ciconiiformes,,,Fotos_CiguenaAmericana.html,Fotos_
Ciconiiformes/Fotos_Tuyuyu.html,Tuyuyu,Ciconiiformes,,,Fotos_Tuyuyu.html,Fotos_
Ciconiiformes/Fotos_Yabiru.html,Yabiru,Ciconiiformes,,,Fotos_Yabiru.html,Fotos_
Columbiformes/Fotos_PalomaAlaBlanca.html,PalomaAlaBlanca,Columbiformes,,,Fotos_PalomaAlaBlanca.html,Fotos_
Columbiformes/Fotos_PalomaAlaManchada.html,PalomaAlaManchada,Columbiformes,,,Fotos_PalomaAlaManchada.html,Fotos_
Columbiformes/Fotos_PalomaColorada.html,PalomaColorada,Columbiformes,,,Fotos_PalomaColorada.html,Fotos_
Columbiformes/Fotos_PalomaDomestica.html,PalomaDomestica,Columbiformes,,,Fotos_PalomaDomestica.html,Fotos_
Columbiformes/Fotos_PalomaMoteada.html,PalomaMoteada,Columbiformes,,,Fotos_PalomaMoteada.html,Fotos_
Columbiformes/Fotos_PalomaPicazuro.html,PalomaPicazuro,Columbiformes,,,Fotos_PalomaPicazuro.html,Fotos_
Columbiformes/Fotos_PalomitaCordillerana.html,PalomitaCordillerana,Columbiformes,,,Fotos_PalomitaCordillerana.html,Fotos_
Columbiformes/Fotos_PalomitaMoteada.html,PalomitaMoteada,Columbiformes,,,Fotos_PalomitaMoteada.html,Fotos_
Columbiformes/Fotos_TorcacitaColorada.html,TorcacitaColorada,Columbiformes,,,Fotos_TorcacitaColorada.html,Fotos_
Columbiformes/Fotos_TorcacitaComun.html,TorcacitaComun,Columbiformes,,,Fotos_TorcacitaComun.html,Fotos_
Columbiformes/Fotos_TorcacitaEscamada.html,TorcacitaEscamada,Columbiformes,,,Fotos_TorcacitaEscamada.html,Fotos_
Columbiformes/Fotos_TorcazaAlaBlanca.html,TorcazaAlaBlanca,Columbiformes,,,Fotos_TorcazaAlaBlanca.html,Fotos_
Columbiformes/Fotos_TorcazaComun.html,TorcazaComun,Columbiformes,,,Fotos_TorcazaComun.html,Fotos_
Columbiformes/Fotos_YerutiComun.html,YerutiComun,Columbiformes,,,Fotos_YerutiComun.html,Fotos_
Coraciiformes/Fotos_Burgo.html,Burgo,Coraciiformes,,,Fotos_Burgo.html,Fotos_
Coraciiformes/Fotos_MartinPescador.html,MartinPescador,Coraciiformes,,,Fotos_MartinPescador.html,Fotos_
Coraciiformes/Fotos_MartinPescadorChico.html,MartinPescadorChico,Coraciiformes,,,Fotos_MartinPescadorChico.html,Fotos_
Coraciiformes/Fotos_MartinPescadorGrande.html,MartinPescadorGrande,Coraciiformes,,,Fotos_MartinPescadorGrande.html,Fotos_
Coraciiformes/Fotos_MartinPescadorMediano.html,MartinPescadorMediano,Coraciiformes,,,Fotos_MartinPescadorMediano.html,Fotos_
Coraciiformes/Fotos_Yeruva.html,Yeruva,Coraciiformes,,,Fotos_Yeruva.html,Fotos_
Cuculiformes/Fotos_AnoChico.html,AnoChico,Cuculiformes,,,Fotos_AnoChico.html,Fotos_
Cuculiformes/Fotos_AnoPicoSurcado.html,AnoPicoSurcado,Cuculiformes,,,Fotos_AnoPicoSurcado.html,Fotos_
Cuculiformes/Fotos_Crespin.html,Crespin,Cuculiformes,,,Fotos_Crespin.html,Fotos_
Cuculiformes/Fotos_CuclilloCanela.html,CuclilloCanela,Cuculiformes,,,Fotos_CuclilloCanela.html,Fotos_
Cuculiformes/Fotos_CuclilloChico.html,CuclilloChico,Cuculiformes,,,Fotos_CuclilloChico.html,Fotos_
Cuculiformes/Fotos_Pirincho.html,Pirincho,Cuculiformes,,,Fotos_Pirincho.html,Fotos_
Cuculiformes/Fotos_Tingazu.html,Tingazu,Cuculiformes,,,Fotos_Tingazu.html,Fotos_
Cuculiformes/Fotos_YasiyatereGrande.html,YasiyatereGrande,Cuculiformes,,,Fotos_YasiyatereGrande.html,Fotos_
Falconiformes/Fotos_Carancho.html,Carancho,Falconiformes,,,Fotos_Carancho.html,Fotos_
Falconiformes/Fotos_Chimachima.html,Chimachima,Falconiformes,,,Fotos_Chimachima.html,Fotos_
Falconiformes/Fotos_Chimango.html,Chimango,Falconiformes,,,Fotos_Chimango.html,Fotos_
Falconiformes/Fotos_HalconNegroChico.html,HalconNegroChico,Falconiformes,,,Fotos_HalconNegroChico.html,Fotos_
Falconiformes/Fotos_HalconPlomizo.html,HalconPlomizo,Falconiformes,,,Fotos_HalconPlomizo.html,Fotos_
Falconiformes/Fotos_HalconcitoColorado.html,HalconcitoColorado,Falconiformes,,,Fotos_HalconcitoColorado.html,Fotos_
Falconiformes/Fotos_HalconcitoGris.html,HalconcitoGris,Falconiformes,,,Fotos_HalconcitoGris.html,Fotos_
Falconiformes/Fotos_MatamicoAndino.html,MatamicoAndino,Falconiformes,,,Fotos_MatamicoAndino.html,Fotos_
Falconiformes/Fotos_MatamicoBlanco.html,MatamicoBlanco,Falconiformes,,,Fotos_MatamicoBlanco.html,Fotos_
Falconiformes/Fotos_MilanoBlanco.html,MilanoBlanco,Falconiformes,,,Fotos_MilanoBlanco.html,Fotos_
Galbuliformes/Fotos_ChacuruCaraNegra.html,ChacuruCaraNegra,Galbuliformes,,,Fotos_ChacuruCaraNegra.html,Fotos_
Galbuliformes/Fotos_ChacuruGrande.html,ChacuruGrande,Galbuliformes,,,Fotos_ChacuruGrande.html,Fotos_
Galbuliformes/Fotos_Durmili.html,Durmili,Galbuliformes,,,Fotos_Durmili.html,Fotos_
Galliformes/Fotos_Charata.html,Charata,Galliformes,,,Fotos_Charata.html,Fotos_
Galliformes/Fotos_CodornizDeCalifornia.html,CodornizDeCalifornia,Galliformes,,,Fotos_CodornizDeCalifornia.html,Fotos_
Galliformes/Fotos_PavaDeMonteAlisera.html,PavaDeMonteAlisera,Galliformes,,,Fotos_PavaDeMonteAlisera.html,Fotos_
Galliformes/Fotos_PavaDeMonteComun.html,PavaDeMonteComun,Galliformes,,,Fotos_PavaDeMonteComun.html,Fotos_
Galliformes/Fotos_PavaDeMonteYunguena.html,PavaDeMonteYunguena,Galliformes,,,Fotos_PavaDeMonteYunguena.html,Fotos_
Galliformes/Fotos_Yacupoi.html,Yacupoi,Galliformes,,,Fotos_Yacupoi.html,Fotos_
Galliformes/Fotos_Yacutinga.html,Yacutinga,Galliformes,,,Fotos_Yacutinga.html,Fotos_
Gruiformes/FotosGruiformes-BurritoColorado.html,BurritoColorado,Gruiformes,,,FotosGruiformes-BurritoColorado.html,FotosGruiformes-
Gruiformes/FotosGruiformes-BurritoComun.html,BurritoComun,Gruiformes,,,FotosGruiformes-BurritoComun.html,FotosGruiformes-
Gruiformes/FotosGruiformes-BurritoEnano.html,BurritoEnano,Gruiformes,,,FotosGruiformes-BurritoEnano.html,FotosGruiformes-
Gruiformes/FotosGruiformes-Carau.html,Carau,Gruiformes,,,FotosGruiformes-Carau.html,FotosGruiformes-
Gruiformes/FotosGruiformes-Chiricote.html,Chiricote,Gruiformes,,,FotosGruiformes-Chiricote.html,FotosGruiformes-
Gruiformes/FotosGruiformes-GallaretaAndina.html,GallaretaAndina,Gruiformes,,,FotosGruiformes-GallaretaAndina.html,FotosGruiformes-
Gruiformes/FotosGruiformes-GallaretaChica.html,GallaretaChica,Gruiformes,,,FotosGruiformes-GallaretaChica.html,FotosGruiformes-
Gruiformes/FotosGruiformes-GallaretaERojo.html,GallaretaERojo,Gruiformes,,,FotosGruiformes-GallaretaERojo.html,FotosGruiformes-
Gruiformes/FotosGruiformes-GallaretaLRojas.html,GallaretaLRojas,Gruiformes,,,FotosGruiformes-GallaretaLRojas.html,FotosGruiformes-
Gruiformes/FotosGruiformes-GallinetaComun.html,GallinetaComun,Gruiformes,,,FotosGruiformes-GallinetaComun.html,FotosGruiformes-
Gruiformes/FotosGruiformes-GallinetaOvera.html,GallinetaOvera,Gruiformes,,,FotosGruiformes-GallinetaOvera.html,FotosGruiformes-
Gruiformes/FotosGruiformes-Ipacaa.html,Ipacaa,Gruiformes,,,FotosGruiformes-Ipacaa.html,FotosGruiformes-
Gruiformes/FotosGruiformes-PollonaAzul.html,PollonaAzul,Gruiformes,,,FotosGruiformes-PollonaAzul.html,FotosGruiformes-
Gruiformes/FotosGruiformes-PollonaNegra.html,PollonaNegra,Gruiformes,,,FotosGruiformes-PollonaNegra.html,FotosGruiformes-
Gruiformes/FotosGruiformes-PollonaPintada.html,PollonaPintada,Gruiformes,,,FotosGruiformes-PollonaPintada.html,FotosGruiformes-
Passeriformes/Fotos_ZorzalCabezaNegra.html,ZorzalCabezaNegra,Passeriformes,,,Fotos_ZorzalCabezaNegra.html,Fotos_
Passeriformes/Fotos_ZorzalitoOvero.html,ZorzalitoOvero,Passeriformes,,,Fotos_ZorzalitoOvero.html,Fotos_
Passeriformes/Cardinalidae/Fotos_FuegueroComun.html,FuegueroComun,Passeriformes,Cardinalidae,,Fotos_FuegueroComun.html,Fotos_
Passeriformes/Cardinalidae/Fotos_Reinamor.html,Reinamor,Passeriformes,Cardinalidae,,Fotos_Reinamor.html,Fotos_
Passeriformes/Cardinalidae/Fotos_ReinamoraChica.html,ReinamoraChica,Passeriformes,Cardinalidae,,Fotos_ReinamoraChica.html,Fotos_
Passeriformes/Cardinalidae/Fotos_ReinamoraGrande.html,ReinamoraGrande,Passeriformes,Cardinalidae,,Fotos_ReinamoraGrande.html,Fotos_
Passeriformes/Cardinalidae/Fotos_ReyDelBosque.html,ReyDelBosque,Passeriformes,Cardinalidae,,Fotos_ReyDelBosque.html,Fotos_
Passeriformes/Corvidae/Fotos_UrracaComun.html,UrracaComun,Passeriformes,Corvidae,,Fotos_UrracaComun.html,Fotos_
Passeriformes/Cotingidae/Fotos_Cortarramas.html,Cortarramas,Passeriformes,Cotingidae,,Fotos_Cortarramas.html,Fotos_
Passeriformes/Cotingidae/Fotos_Rara.html,Rara,Passeriformes,Cotingidae,,Fotos_Rara.html,Fotos_
Passeriformes/Emberizidae/Fotos_CachiloCejaAmarilla.html,CachiloCejaAmarilla,Passeriformes,Emberizidae,,Fotos_CachiloCejaAmarilla.html,Fotos_
Passeriformes/Emberizidae/Fotos_CachiloCoronaCastana.html,CachiloCoronaCastana,Passeriformes,Emberizidae,,Fotos_CachiloCoronaCastana.html,Fotos_
Passeriformes/Emberizidae/Fotos_CerqueroAmarillo.html,CerqueroAmarillo,Passeriformes,Emberizidae,,Fotos_CerqueroAmarillo.html,Fotos_
Passeriformes/Emberizidae/Fotos_CerqueroCabezaCastana.html,CerqueroCabezaCastana,Passeriformes,Emberizidae,,Fotos_CerqueroCabezaCastana.html,Fotos_
Passeriformes/Emberizidae/Fotos_CerqueroDeCollar.html,CerqueroDeCollar,Passeriformes,Emberizidae,,Fotos_CerqueroDeCollar.html,Fotos_
Passeriformes/Emberizidae/Fotos_CerqueroDeCollarLitoraleno.html,CerqueroDeCollarLitoraleno,Passeriformes,Emberizidae,,Fotos_CerqueroDeCollarLitoraleno.html,Fotos_
Passeriformes/Emberizidae/Fotos_CerqueroDeCollarYungueno.html,CerqueroDeCollarYungueno,Passeriformes,Emberizidae,,Fotos_CerqueroDeCollarYungueno.html,Fotos_
Passeriformes/Emberizidae/Fotos_CerqueroVientreBlanco.html,CerqueroVientreBlanco,Passeriformes,Emberizidae,,Fotos_CerqueroVientreBlanco.html,Fotos_
Passeriformes/Emberizidae/Fotos_Chingolo.html,Chingolo,Passeriformes,Emberizidae,,Fotos_Chingolo.html,Fotos_
Passeriformes/Emberizidae/Fotos_FruteroYungueno.html,FruteroYungueno,Passeriformes,Emberizidae,,Fotos_FruteroYungueno.html,Fotos_
Passeriformes/Fringillidae/Fotos_CabecitanegraAndino.html,CabecitanegraAndino,Passeriformes,Fringillidae,,Fotos_CabecitanegraAndino.html,Fotos_
Passeriformes/Fringillidae/Fotos_CabecitanegraAustral.html,CabecitanegraAustral,Passeriformes,Fringillidae,,Fotos_CabecitanegraAustral.html,Fotos_
Passeriformes/Fringillidae/Fotos_CabecitanegraComun.html,CabecitanegraComun,Passeriformes,Fringillidae,,Fotos_CabecitanegraComun.html,Fotos_
Passeriformes/Fringillidae/Fotos_Negrillo.html,Negrillo,Passeriformes,Fringillidae,,Fotos_Negrillo.html,Fotos_
Passeriformes/Fringillidae/Fotos_TangaraAlcalde.html,TangaraAlcalde,Passeriformes,Fringillidae,,Fotos_TangaraAlcalde.html,Fotos_
Passeriformes/Fringillidae/Fotos_TangaraAmarillo.html,TangaraAmarillo,Passeriformes,Fringillidae,,Fotos_TangaraAmarillo.html,Fotos_
Passeriformes/Fringillidae/Fotos_TangaraBonito.html,TangaraBonito,Passeriformes,Fringillidae,,Fotos_TangaraBonito.html,Fotos_
Passeriformes/Fringillidae/Fotos_TangaraCabezaCeleste.html,TangaraCabezaCeleste,Passeriformes,Fringillidae,,Fotos_TangaraCabezaCeleste.html,Fotos_
Passeriformes/Fringillidae/Fotos_TangaraComun.html,TangaraComun,Passeriformes,Fringillidae,,Fotos_TangaraComun.html,Fotos_
Passeriformes/Furnariidae-1Scleru/Fotos_CamineraColorada.html,CamineraColorada,Passeriformes,Furnariidae-1Scleru,,Fotos_CamineraColorada.html,Fotos_
Passeriformes/Furnariidae-1Scleru/Fotos_CamineraComun.html,CamineraComun,Passeriformes,Furnariidae-1Scleru,,Fotos_CamineraComun.html,Fotos_
Passeriformes/Furnariidae-1Scleru/Fotos_CamineraGrande.html,CamineraGrande,Passeriformes,Furnariidae-1Scleru,,Fotos_CamineraGrande.html,Fotos_
Passeriformes/Furnariidae-1Scleru/Fotos_CamineraPatagonica.html,CamineraPatagonica,Passeriformes,Furnariidae-1Scleru,,Fotos_CamineraPatagonica.html,Fotos_
Passeriformes/Furnariidae-1Scleru/Fotos_CamineraPunena.html,CamineraPunena,Passeriformes,Furnariidae-1Scleru,,Fotos_CamineraPunena.html,Fotos_
Passeriformes/Furnariidae-Dendro/Fotos_Arapasu.html,Arapasu,Passeriformes,Furnariidae-Dendro,,Fotos_Arapasu.html,Fotos_
Passeriformes/Furnariidae-Dendro/Fotos_ChincheroChico.html,ChincheroChico,Passeriformes,Furnariidae-Dendro,,Fotos_ChincheroChico.html,Fotos_
Passeriformes/Furnariidae-Dendro/Fotos_ChincheroEnano.html,ChincheroEnano,Passeriformes,Furnariidae-Dendro,,Fotos_ChincheroEnano.html,Fotos_
Passeriformes/Furnariidae-Dendro/Fotos_ChincheroGrande.html,ChincheroGrande,Passeriformes,Furnariidae-Dendro,,Fotos_ChincheroGrande.html,Fotos_
Passeriformes/Furnariidae-Dendro/Fotos_PicapaloOscuro.html,PicapaloOscuro,Passeriformes,Furnariidae-Dendro,,Fotos_PicapaloOscuro.html,Fotos_
Passeriformes/Furnariidae-Dendro/Fotos_Tarefero.html,Tarefero,Passeriformes,Furnariidae-Dendro,,Fotos_Tarefero.html,Fotos_
Passeriformes/Furnariidae-Dendro/Fotos_TrepadorColorado.html,TrepadorColorado,Passeriformes,Furnariidae-Dendro,,Fotos_TrepadorColorado.html,Fotos_
Passeriformes/Furnariidae-Dendro/Fotos_TrepadorGigante.html,TrepadorGigante,Passeriformes,Furnariidae-Dendro,,Fotos_TrepadorGigante.html,Fotos_
Passeriformes/Furnariidae-Dendro/Fotos_TrepadorOscuro.html,TrepadorOscuro,Passeriformes,Furnariidae-Dendro,,Fotos_TrepadorOscuro.html,Fotos_
Passeriformes/Furnariidae-Furn/Fotos_BanduritaAndina.html,BanduritaAndina,Passeriformes,Furnariidae-Furn,,Fotos_BanduritaAndina.html,Fotos_
Passeriformes/Furnariidae-Furn/Fotos_BanduritaComun.html,BanduritaComun,Passeriformes,Furnariidae-Furn,,Fotos_BanduritaComun.html,Fotos_
Passeriformes/Furnariidae-Furn/Fotos_BandurritaChaquena.html,BandurritaChaquena,Passeriformes,Furnariidae-Furn,,Fotos_BandurritaChaquena.html,Fotos_
Passeriformes/Furnariidae-Furn/Fotos_HorneritoCopeton.html,HorneritoCopeton,Passeriformes,Furnariidae-Furn,,Fotos_HorneritoCopeton.html,Fotos_
Passeriformes/Furnariidae-Furn/Fotos_HorneroComun.html,HorneroComun,Passeriformes,Furnariidae-Furn,,Fotos_HorneroComun.html,Fotos_
Passeriformes/Furnariidae-Furn/Fotos_Junquero.html,Junquero,Passeriformes,Furnariidae-Furn,,Fotos_Junquero.html,Fotos_
Passeriformes/Furnariidae-Furn/Fotos_Macuquito.html,Macuquito,Passeriformes,Furnariidae-Furn,,Fotos_Macuquito.html,Fotos_
Passeriformes/Furnariidae-Furn/Fotos_PajonaleraPicoCurvo.html,PajonaleraPicoCurvo,Passeriformes,Furnariidae-Furn,,Fotos_PajonaleraPicoCurvo.html,Fotos_
Passeriformes/Furnariidae-Furn/Fotos_Remolinera.html,Remolinera,Passeriformes,Furnariidae-Furn,,Fotos_Remolinera.html,Fotos_
Passeriformes/Furnariidae-Furn/Fotos_RemolineraAndina.html,RemolineraAndina,Passeriformes,Furnariidae-Furn,,Fotos_RemolineraAndina.html,Fotos_
Passeriformes/Furnariidae-Furn/Fotos_RemolineraAraucana.html,RemolineraAraucana,Passeriformes,Furnariidae-Furn,,Fotos_RemolineraAraucana.html,Fotos_
Passeriformes/Furnariidae-Furn/Fotos_RemolineraCastana.html,RemolineraCastana,Passeriformes,Furnariidae-Furn,,Fotos_RemolineraCastana.html,Fotos_
Passeriformes/Furnariidae-Furn/Fotos_RemolineraChica.html,RemolineraChica,Passeriformes,Furnariidae-Furn,,Fotos_RemolineraChica.html,Fotos_
Passeriformes/Furnariidae-Furn/Fotos_RemolineraChocolate.html,RemolineraChocolate,Passeriformes,Furnariidae-Furn,,Fotos_RemolineraChocolate.html,Fotos_
Passeriformes/Furnariidae-Furn/Fotos_RemolineraComun.html,RemolineraComun,Passeriformes,Furnariidae-Furn,,Fotos_RemolineraComun.html,Fotos_
Passeriformes/Furnariidae-Phyl/Fotos_BandurritaColaCastana.html,BandurritaColaCastana,Passeriformes,Furnariidae-Phyl,,Fotos_BandurritaColaCastana.html,Fotos_
Passeriformes/Furnariidae-Phyl/Fotos_BandurritaPatagonica.html,BandurritaPatagonica,Passeriformes,Furnariidae-Phyl,,Fotos_BandurritaPatagonica.html,Fotos_
Passeriformes/Furnariidae-Phyl/Fotos_BandurritaPicoRecto.html,BandurritaPicoRecto,Passeriformes,Furnariidae-Phyl,,Fotos_BandurritaPicoRecto.html,Fotos_
Passeriformes/Furnariidae-Phyl/Fotos_PicoleznaPatagonico.html,PicoleznaPatagonico,Passeriformes,Furnariidae-Phyl,,Fotos_PicoleznaPatagonico.html,Fotos_
Passeriformes/Furnariidae-Phyl/Fotos_PicoleznaRojizo.html,PicoleznaRojizo,Passeriformes,Furnariidae-Phyl,,Fotos_PicoleznaRojizo.html,Fotos_
Passeriformes/Furnariidae-Phyl/Fotos_Ticotico.html,Ticotico,Passeriformes,Furnariidae-Phyl,,Fotos_Ticotico.html,Fotos_
Passeriformes/Furnariidae-Phyl/Fotos_TicoticoCabezaNegra.html,TicoticoCabezaNegra,Passeriformes,Furnariidae-Phyl,,Fotos_TicoticoCabezaNegra.html,Fotos_
Passeriformes/Furnariidae-Phyl/Fotos_TicoticoComun.html,TicoticoComun,Passeriformes,Furnariidae-Phyl,,Fotos_TicoticoComun.html,Fotos_
Passeriformes/Furnariidae-Phyl/Fotos_TicoticoGrande.html,TicoticoGrande,Passeriformes,Furnariidae-Phyl,,Fotos_TicoticoGrande.html,Fotos_
Passeriformes/Furnariidae-Phyl/Fotos_TicoticoOjoBlanco.html,TicoticoOjoBlanco,Passeriformes,Furnariidae-Phyl,,Fotos_TicoticoOjoBlanco.html,Fotos_
Passeriformes/Furnariidae-Sina/Fotos_CacholoteCastano.html,CacholoteCastano,Passeriformes,Furnariidae-Sina,,Fotos_CacholoteCastano.html,Fotos_
Passeriformes/Furnariidae-Sina/Fotos_CacholotePardo.html,CacholotePardo,Passeriformes,Furnariidae-Sina,,Fotos_CacholotePardo.html,Fotos_
Passeriformes/Furnariidae-Sina/Fotos_CanasteroCastano.html,CanasteroCastano,Passeriformes,Furnariidae-Sina,,Fotos_CanasteroCastano.html,Fotos_
Passeriformes/Furnariidae-Sina/Fotos_CanasteroChaqueno.html,CanasteroChaqueno,Passeriformes,Furnariidae-Sina,,Fotos_CanasteroChaqueno.html,Fotos_
Passeriformes/Furnariidae-Sina/Fotos_CanasteroColudo.html,CanasteroColudo,Passeriformes,Furnariidae-Sina,,Fotos_CanasteroColudo.html,Fotos_
Passeriformes/Furnariidae-Sina/Fotos_CanasteroPalido.html,CanasteroPalido,Passeriformes,Furnariidae-Sina,,Fotos_CanasteroPalido.html,Fotos_
Passeriformes/Furnariidae-Sina/Fotos_CanasteroPatagonico.html,CanasteroPatagonico,Passeriformes,Furnariidae-Sina,,Fotos_CanasteroPatagonico.html,Fotos_
Passeriformes/Furnariidae-Sina/Fotos_CanasteroRojizo.html,CanasteroRojizo,Passeriformes,Furnariidae-Sina,,Fotos_CanasteroRojizo.html,Fotos_
Passeriformes/Furnariidae-Sina/Fotos_Chotoy.html,Chotoy,Passeriformes,Furnariidae-Sina,,Fotos_Chotoy.html,Fotos_
Passeriformes/Furnariidae-Sina/Fotos_Colilarga.html,Colilarga,Passeriformes,Furnariidae-Sina,,Fotos_Colilarga.html,Fotos_
Passeriformes/Furnariidae-Sina/Fotos_ColuditoColaNegra.html,ColuditoColaNegra,Passeriformes,Furnariidae-Sina,,Fotos_ColuditoColaNegra.html,Fotos_
Passeriformes/Furnariidae-Sina/Fotos_ColuditoCopeton.html,ColuditoCopeton,Passeriformes,Furnariidae-Sina,,Fotos_ColuditoCopeton.html,Fotos_
Passeriformes/Furnariidae-Sina/Fotos_ColuditoQuebradeno.html,ColuditoQuebradeno,Passeriformes,Furnariidae-Sina,,Fotos_ColuditoQuebradeno.html,Fotos_
Passeriformes/Furnariidae-Sina/Fotos_Crestudo.html,Crestudo,Passeriformes,Furnariidae-Sina,,Fotos_Crestudo.html,Fotos_
Passeriformes/Furnariidae-Sina/Fotos_CurutieBlanco.html,CurutieBlanco,Passeriformes,Furnariidae-Sina,,Fotos_CurutieBlanco.html,Fotos_
Passeriformes/Furnariidae-Sina/Fotos_CurutieColorado.html,CurutieColorado,Passeriformes,Furnariidae-Sina,,Fotos_CurutieColorado.html,Fotos_
Passeriformes/Furnariidae-Sina/Fotos_CurutieOcraceo.html,CurutieOcraceo,Passeriformes,Furnariidae-Sina,,Fotos_CurutieOcraceo.html,Fotos_
Passeriformes/Furnariidae-Sina/Fotos_EspartilleroAustral.html,EspartilleroAustral,Passeriformes,Furnariidae-Sina,,Fotos_EspartilleroAustral.html,Fotos_
Passeriformes/Furnariidae-Sina/Fotos_EspartilleroEnano.html,EspartilleroEnano,Passeriformes,Furnariidae-Sina,,Fotos_EspartilleroEnano.html,Fotos_
Passeriformes/Furnariidae-Sina/Fotos_EspartilleroPampeano.html,EspartilleroPampeano,Passeriformes,Furnariidae-Sina,,Fotos_EspartilleroPampeano.html,Fotos_
Passeriformes/Furnariidae-Sina/Fotos_EspineroAndino.html,EspineroAndino,Passeriformes,Furnariidae-Sina,,Fotos_EspineroAndino.html,Fotos_
Passeriformes/Furnariidae-Sina/Fotos_EspineroChico.html,EspineroChico,Passeriformes,Furnariidae-Sina,,Fotos_EspineroChico.html,Fotos_
Passeriformes/Furnariidae-Sina/Fotos_EspineroFrenteRojiza.html,EspineroFrenteRojiza,Passeriformes,Furnariidae-Sina,,Fotos_EspineroFrenteRojiza.html,Fotos_
Passeriformes/Furnariidae-Sina/Fotos_EspineroGrande.html,EspineroGrande,Passeriformes,Furnariidae-Sina,,Fotos_EspineroGrande.html,Fotos_
Passeriformes/Furnariidae-Sina/Fotos_EspineroPechoManchado.html,EspineroPechoManchado,Passeriformes,Furnariidae-Sina,,Fotos_EspineroPechoManchado.html,Fotos_
Passeriformes/Furnariidae-Sina/Fotos_EspineroSerrano.html,EspineroSerrano,Passeriformes,Furnariidae-Sina,,Fotos_EspineroSerrano.html,Fotos_
Passeriformes/Furnariidae-Sina/Fotos_Lenatero.html,Lenatero,Passeriformes,Furnariidae-Sina,,Fotos_Lenatero.html,Fotos_
Passeriformes/Furnariidae-Sina/Fotos_PajonaleraPicoRecto.html,PajonaleraPicoRecto,Passeriformes,Furnariidae-Sina,,Fotos_PajonaleraPicoRecto.html,Fotos_
Passeriformes/Furnariidae-Sina/Fotos_PijuCoronaRojiza.html,PijuCoronaRojiza,Passeriformes,Furnariidae-Sina,,Fotos_PijuCoronaRojiza.html,Fotos_
Passeriformes/Furnariidae-Sina/Fotos_PijuiCanela.html,PijuiCanela,Passeriformes,Furnariidae-Sina,,Fotos_PijuiCanela.html,Fotos_
Passeriformes/Furnariidae-Sina/Fotos_PijuiCejaCanela.html,PijuiCejaCanela,Passeriformes,Furnariidae-Sina,,Fotos_PijuiCejaCanela.html,Fotos_
Passeriformes/Furnariidae-Sina/Fotos_PijuiCejaCanelaV.html,PijuiCejaCanelaV,Passeriformes,Furnariidae-Sina,,Fotos_PijuiCejaCanelaV.html,Fotos_
Passeriformes/Furnariidae-Sina/Fotos_PijuiColaParda.html,PijuiColaParda,Passeriformes,Furnariidae-Sina,,Fotos_PijuiColaParda.html,Fotos_
Passeriformes/Furnariidae-Sina/Fotos_PijuiCoronaRojiza.html,PijuiCoronaRojiza,Passeriformes,Furnariidae-Sina,,Fotos_PijuiCoronaRojiza.html,Fotos_
Passeriformes/Furnariidae-Sina/Fotos_PijuiFrenteGris.html,PijuiFrenteGris,Passeriformes,Furnariidae-Sina,,Fotos_PijuiFrenteGris.html,Fotos_
Passeriformes/Furnariidae-Sina/Fotos_PijuiPlomizo.html,PijuiPlomizo,Passeriformes,Furnariidae-Sina,,Fotos_PijuiPlomizo.html,Fotos_
Passeriformes/Furnariidae-Sina/Fotos_Rayadito.html,Rayadito,Passeriformes,Furnariidae-Sina,,Fotos_Rayadito.html,Fotos_
Passeriformes/Hirundinidae/Fotos_Golondrina.html,Golondrina,Passeriformes,Hirundinidae,,Fotos_Golondrina.html,Fotos_
Passeriformes/Hirundinidae/Fotos_GolondrinaAlaBlanca.html,GolondrinaAlaBlanca,Passeriformes,Hirundinidae,,Fotos_GolondrinaAlaBlanca.html,Fotos_
Passeriformes/Hirundinidae/Fotos_GolondrinaBarranquera.html,GolondrinaBarranquera,Passeriformes,Hirundinidae,,Fotos_GolondrinaBarranquera.html,Fotos_
Passeriformes/Hirundinidae/Fotos_GolondrinaCabezaRojiza.html,GolondrinaCabezaRojiza,Passeriformes,Hirundinidae,,Fotos_GolondrinaCabezaRojiza.html,Fotos_
Passeriformes/Hirundinidae/Fotos_GolondrinaCejaBlanca.html,GolondrinaCejaBlanca,Passeriformes,Hirundinidae,,Fotos_GolondrinaCejaBlanca.html,Fotos_
Passeriformes/Hirundinidae/Fotos_GolondrinaDomestica.html,GolondrinaDomestica,Passeriformes,Hirundinidae,,Fotos_GolondrinaDomestica.html,Fotos_
Passeriformes/Hirundinidae/Fotos_GolondrinaNegra.html,GolondrinaNegra,Passeriformes,Hirundinidae,,Fotos_GolondrinaNegra.html,Fotos_
Passeriformes/Hirundinidae/Fotos_GolondrinaParda.html,GolondrinaParda,Passeriformes,Hirundinidae,,Fotos_GolondrinaParda.html,Fotos_
Passeriformes/Hirundinidae/Fotos_GolondrinaPatagonica.html,GolondrinaPatagonica,Passeriformes,Hirundinidae,,Fotos_GolondrinaPatagonica.html,Fotos_
Passeriformes/Hirundinidae/Fotos_GolondrinaRabadillaCanela.html,GolondrinaRabadillaCanela,Passeriformes,Hirundinidae,,Fotos_GolondrinaRabadillaCanela.html,Fotos_
Passeriformes/Hirundinidae/Fotos_GolondrinaRiberena.html,GolondrinaRiberena,Passeriformes,Hirundinidae,,Fotos_GolondrinaRiberena.html,Fotos_
Passeriformes/Hirundinidae/Fotos_GolondrinaTijerita.html,GolondrinaTijerita,Passeriformes,Hirundinidae,,Fotos_GolondrinaTijerita.html,Fotos_
Passeriformes/Hirundinidae/Fotos_GolondrinaZapadora.html,GolondrinaZapadora,Passeriformes,Hirundinidae,,Fotos_GolondrinaZapadora.html,Fotos_
Passeriformes/Icteridae/Fotos_Boyerito.html,Boyerito,Passeriformes,Icteridae,,Fotos_Boyerito.html,Fotos_
Passeriformes/Icteridae/Fotos_BoyeroAlaAmarilla.html,BoyeroAlaAmarilla,Passeriformes,Icteridae,,Fotos_BoyeroAlaAmarilla.html,Fotos_
Passeriformes/Icteridae/Fotos_BoyeroCacique.html,BoyeroCacique,Passeriformes,Icteridae,,Fotos_BoyeroCacique.html,Fotos_
Passeriformes/Icteridae/Fotos_BoyeroNegro.html,BoyeroNegro,Passeriformes,Icteridae,,Fotos_BoyeroNegro.html,Fotos_
Passeriformes/Icteridae/Fotos_Charlatan.html,Charlatan,Passeriformes,Icteridae,,Fotos_Charlatan.html,Fotos_
Passeriformes/Icteridae/Fotos_Chopi.html,Chopi,Passeriformes,Icteridae,,Fotos_Chopi.html,Fotos_
Passeriformes/Icteridae/Fotos_Federal.html,Federal,Passeriformes,Icteridae,,Fotos_Federal.html,Fotos_
Passeriformes/Icteridae/Fotos_LoicaComun.html,LoicaComun,Passeriformes,Icteridae,,Fotos_LoicaComun.html,Fotos_
Passeriformes/Icteridae/Fotos_Matico.html,Matico,Passeriformes,Icteridae,,Fotos_Matico.html,Fotos_
Passeriformes/Icteridae/Fotos_MaticoVenezolano.html,MaticoVenezolano,Passeriformes,Icteridae,,Fotos_MaticoVenezolano.html,Fotos_
Passeriformes/Icteridae/Fotos_PechoAmarilloComun.html,PechoAmarilloComun,Passeriformes,Icteridae,,Fotos_PechoAmarilloComun.html,Fotos_
Passeriformes/Icteridae/Fotos_PechoAmarilloGrande.html,PechoAmarilloGrande,Passeriformes,Icteridae,,Fotos_PechoAmarilloGrande.html,Fotos_
Passeriformes/Icteridae/Fotos_PechoColorado.html,PechoColorado,Passeriformes,Icteridae,,Fotos_PechoColorado.html,Fotos_
Passeriformes/Icteridae/Fotos_Tordo.html,Tordo,Passeriformes,Icteridae,,Fotos_Tordo.html,Fotos_
Passeriformes/Icteridae/Fotos_TordoAmarillo.html,TordoAmarillo,Passeriformes,Icteridae,,Fotos_TordoAmarillo.html,Fotos_
Passeriformes/Icteridae/Fotos_TordoDeMatorral.html,TordoDeMatorral,Passeriformes,Icteridae,,Fotos_TordoDeMatorral.html,Fotos_
Passeriformes/Icteridae/Fotos_TordoGigante.html,TordoGigante,Passeriformes,Icteridae,,Fotos_TordoGigante.html,Fotos_
Passeriformes/Icteridae/Fotos_TordoMusico.html,TordoMusico,Passeriformes,Icteridae,,Fotos_TordoMusico.html,Fotos_
Passeriformes/Icteridae/Fotos_TordoPatagonico.html,TordoPatagonico,Passeriformes,Icteridae,,Fotos_TordoPatagonico.html,Fotos_
Passeriformes/Icteridae/Fotos_TordoPicoCorto.html,TordoPicoCorto,Passeriformes,Icteridae,,Fotos_TordoPicoCorto.html,Fotos_
Passeriformes/Icteridae/Fotos_TordoRenegrido.html,TordoRenegrido,Passeriformes,Icteridae,,Fotos_TordoRenegrido.html,Fotos_
Passeriformes/Icteridae/Fotos_VarilleroAlaAmarilla.html,VarilleroAlaAmarilla,Passeriformes,Icteridae,,Fotos_VarilleroAlaAmarilla.html,Fotos_
Passeriformes/Icteridae/Fotos_VarilleroCongo.html,VarilleroCongo,Passeriformes,Icteridae,,Fotos_VarilleroCongo.html,Fotos_
Passeriformes/Icteridae/Fotos_VarilleroNegro.html,VarilleroNegro,Passeriformes,Icteridae,,Fotos_VarilleroNegro.html,Fotos_
Passeriformes/Icteridae/Fotos_Yapu.html,Yapu,Passeriformes,Icteridae,,Fotos_Yapu.html,Fotos_
Passeriformes/IncertaeSedis/FotosInsertisSedis.html,InsertisSedis,Passeriformes,IncertaeSedis,,FotosInsertisSedis.html,Fotos
Passeriformes/IncertaeSedis/Fotos_Pepitero.html,Pepitero,Passeriformes,IncertaeSedis,,Fotos_Pepitero.html,Fotos_
Passeriformes/IncertaeSedis/Fotos_PepiteroChico.html,PepiteroChico,Passeriformes,IncertaeSedis,,Fotos_PepiteroChico.html,Fotos_
Passeriformes/IncertaeSedis/Fotos_PepiteroDeCollar.html,PepiteroDeCollar,Passeriformes,IncertaeSedis,,Fotos_PepiteroDeCollar.html,Fotos_
Passeriformes/IncertaeSedis/Fotos_PepiteroGris.html,PepiteroGris,Passeriformes,IncertaeSedis,,Fotos_PepiteroGris.html,Fotos_
Passeriformes/IncertaeSedis/Fotos_PepiteroVerdoso.html,PepiteroVerdoso,Passeriformes,IncertaeSedis,,Fotos_PepiteroVerdoso.html,Fotos_
Passeriformes/Melanopareiidae/Fotos_GallitoDeCollar.html,GallitoDeCollar,Passeriformes,Melanopareiidae,,Fotos_GallitoDeCollar.html,Fotos_
Passeriformes/Mimidae/Fotos_Calandria.html,Calandria,Passeriformes,Mimidae,,Fotos_Calandria.html,Fotos_
Passeriformes/Mimidae/Fotos_CalandriaCastana.html,CalandriaCastana,Passeriformes,Mimidae,,Fotos_CalandriaCastana.html,Fotos_
Passeriformes/Mimidae/Fotos_CalandriaGrande.html,CalandriaGrande,Passeriformes,Mimidae,,Fotos_CalandriaGrande.html,Fotos_
Passeriformes/Mimidae/Fotos_CalandriaMora.html,CalandriaMora,Passeriformes,Mimidae,,Fotos_CalandriaMora.html,Fotos_
Passeriformes/Mimidae/Fotos_CalandriaReal.html,CalandriaReal,Passeriformes,Mimidae,,Fotos_CalandriaReal.html,Fotos_
Passeriformes/Mimidae/Fotos_Tenca.html,Tenca,Passeriformes,Mimidae,,Fotos_Tenca.html,Fotos_
Passeriformes/Motacillidae/Fotos_Cachirla.html,Cachirla,Passeriformes,Motacillidae,,Fotos_Cachirla.html,Fotos_
Passeriformes/Motacillidae/Fotos_CachirlaChica.html,CachirlaChica,Passeriformes,Motacillidae,,Fotos_CachirlaChica.html,Fotos_
Passeriformes/Motacillidae/Fotos_CachirlaComun.html,CachirlaComun,Passeriformes,Motacillidae,,Fotos_CachirlaComun.html,Fotos_
Passeriformes/Motacillidae/Fotos_CachirlaPalida.html,CachirlaPalida,Passeriformes,Motacillidae,,Fotos_CachirlaPalida.html,Fotos_
Passeriformes/Motacillidae/Fotos_CachirlaPunena.html,CachirlaPunena,Passeriformes,Motacillidae,,Fotos_CachirlaPunena.html,Fotos_
Passeriformes/Motacillidae/Fotos_CachirlaUnaCorta.html,CachirlaUnaCorta,Passeriformes,Motacillidae,,Fotos_CachirlaUnaCorta.html,Fotos_
Passeriformes/Parulidae/Fotos_Araner.html,Araner,Passeriformes,Parulidae,,Fotos_Araner.html,Fotos_
Passeriformes/Parulidae/Fotos_AraneroCaraNegra.html,AraneroCaraNegra,Passeriformes,Parulidae,,Fotos_AraneroCaraNegra.html,Fotos_
Passeriformes/Parulidae/Fotos_AraneroCoronaRojiza.html,AraneroCoronaRojiza,Passeriformes,Parulidae,,Fotos_AraneroCoronaRojiza.html,Fotos_
Passeriformes/Parulidae/Fotos_AraneroCoronadoChico.html,AraneroCoronadoChico,Passeriformes,Parulidae,,Fotos_AraneroCoronadoChico.html,Fotos_
Passeriformes/Parulidae/Fotos_AraneroCoronadoGrande.html,AraneroCoronadoGrande,Passeriformes,Parulidae,,Fotos_AraneroCoronadoGrande.html,Fotos_
Passeriformes/Parulidae/Fotos_AraneroEstriado.html,AraneroEstriado,Passeriformes,Parulidae,,Fotos_AraneroEstriado.html,Fotos_
Passeriformes/Parulidae/Fotos_AraneroRibereno.html,AraneroRibereno,Passeriformes,Parulidae,,Fotos_AraneroRibereno.html,Fotos_
Passeriformes/Parulidae/Fotos_AraneroSilbon.html,AraneroSilbon,Passeriformes,Parulidae,,Fotos_AraneroSilbon.html,Fotos_
Passeriformes/Parulidae/Fotos_Pitiayumi.html,Pitiayumi,Passeriformes,Parulidae,,Fotos_Pitiayumi.html,Fotos_
Passeriformes/Polioptilidae/Fotos_TacuartitaAzul.html,TacuartitaAzul,Passeriformes,Polioptilidae,,Fotos_TacuartitaAzul.html,Fotos_
Passeriformes/Rhinocryptidae/Fotos_Chucao.html,Chucao,Passeriformes,Rhinocryptidae,,Fotos_Chucao.html,Fotos_
Passeriformes/Rhinocryptidae/Fotos_ChurrinAndino.html,ChurrinAndino,Passeriformes,Rhinocryptidae,,Fotos_ChurrinAndino.html,Fotos_
Passeriformes/Rhinocryptidae/Fotos_GallitoArena.html,GallitoArena,Passeriformes,Rhinocryptidae,,Fotos_GallitoArena.html,Fotos_
Passeriformes/Rhinocryptidae/Fotos_GallitoCopeton.html,GallitoCopeton,Passeriformes,Rhinocryptidae,,Fotos_GallitoCopeton.html,Fotos_
Passeriformes/Rhinocryptidae/Fotos_GallitoOvero.html,GallitoOvero,Passeriformes,Rhinocryptidae,,Fotos_GallitoOvero.html,Fotos_
Passeriformes/Sturnidae/Fotos_EstorninoCrestado.html,EstorninoCrestado,Passeriformes,Sturnidae,,Fotos_EstorninoCrestado.html,Fotos_
Passeriformes/Sturnidae/Fotos_EstorninoPinto.html,EstorninoPinto,Passeriformes,Sturnidae,,Fotos_EstorninoPinto.html,Fotos_
Passeriformes/Thamnophilidae/Fotos_BataraCopeton.html,BataraCopeton,Passeriformes,Thamnophilidae,,Fotos_BataraCopeton.html,Fotos_
Passeriformes/Thamnophilidae/Fotos_BataraEstriado.html,BataraEstriado,Passeriformes,Thamnophilidae,,Fotos_BataraEstriado.html,Fotos_
Passeriformes/Thamnophilidae/Fotos_BataraGoteado.html,BataraGoteado,Passeriformes,Thamnophilidae,,Fotos_BataraGoteado.html,Fotos_
Passeriformes/Thamnophilidae/Fotos_BataraNegro.html,BataraNegro,Passeriformes,Thamnophilidae,,Fotos_BataraNegro.html,Fotos_
Passeriformes/Thamnophilidae/Fotos_ChocaAmarilla.html,ChocaAmarilla,Passeriformes,Thamnophilidae,,Fotos_ChocaAmarilla.html,Fotos_
Passeriformes/Thamnophilidae/Fotos_ChocaComun.html,ChocaComun,Passeriformes,Thamnophilidae,,Fotos_ChocaComun.html,Fotos_
Passeriformes/Thamnophilidae/Fotos_ChocaCoronaRojiza.html,ChocaCoronaRojiza,Passeriformes,Thamnophilidae,,Fotos_ChocaCoronaRojiza.html,Fotos_
Passeriformes/Thamnophilidae/Fotos_ChocaListada.html,ChocaListada,Passeriformes,Thamnophilidae,,Fotos_ChocaListada.html,Fotos_
Passeriformes/Thamnophilidae/Fotos_Chororo.html,Chororo,Passeriformes,Thamnophilidae,,Fotos_Chororo.html,Fotos_
Passeriformes/Thamnophilidae/Fotos_TiluchiColorado.html,TiluchiColorado,Passeriformes,Thamnophilidae,,Fotos_TiluchiColorado.html,Fotos_
Passeriformes/Thamnophilidae/Fotos_TiluchiEnano.html,TiluchiEnano,Passeriformes,Thamnophilidae,,Fotos_TiluchiEnano.html,Fotos_
Passeriformes/Thamnophilidae/Fotos_TiluchiEstriado.html,TiluchiEstriado,Passeriformes,Thamnophilidae,,Fotos_TiluchiEstriado.html,Fotos_
Passeriformes/Thraupidae/Fotos_BrasitaDeFuego.html,BrasitaDeFuego,Passeriformes,Thraupidae,,Fotos_BrasitaDeFuego.html,Fotos_
Passeriformes/Thraupidae/Fotos_CachiloCanela.html,CachiloCanela,Passeriformes,Thraupidae,,Fotos_CachiloCanela.html,Fotos_
Passeriformes/Thraupidae/Fotos_CapuchinoCanela.html,CapuchinoCanela,Passeriformes,Thraupidae,,Fotos_CapuchinoCanela.html,Fotos_
Passeriformes/Thraupidae/Fotos_CapuchinoCastano.html,CapuchinoCastano,Passeriformes,Thraupidae,,Fotos_CapuchinoCastano.html,Fotos_
Passeriformes/Thraupidae/Fotos_CapuchinoCoronaGris.html,CapuchinoCoronaGris,Passeriformes,Thraupidae,,Fotos_CapuchinoCoronaGris.html,Fotos_
Passeriformes/Thraupidae/Fotos_CapuchinoGargantaCafe.html,CapuchinoGargantaCafe,Passeriformes,Thraupidae,,Fotos_CapuchinoGargantaCafe.html,Fotos_
Passeriformes/Thraupidae/Fotos_CapuchinoPechoBlanco.html,CapuchinoPechoBlanco,Passeriformes,Thraupidae,,Fotos_CapuchinoPechoBlanco.html,Fotos_
Passeriformes/Thraupidae/Fotos_CardenalAmarillo.html,CardenalAmarillo,Passeriformes,Thraupidae,,Fotos_CardenalAmarillo.html,Fotos_
Passeriformes/Thraupidae/Fotos_CardenalComun.html,CardenalComun,Passeriformes,Thraupidae,,Fotos_CardenalComun.html,Fotos_
Passeriformes/Thraupidae/Fotos_Cardenilla.html,Cardenilla,Passeriformes,Thraupidae,,Fotos_Cardenilla.html,Fotos_
Passeriformes/Thraupidae/Fotos_Celestino.html,Celestino,Passeriformes,Thraupidae,,Fotos_Celestino.html,Fotos_
Passeriformes/Thraupidae/Fotos_CelestinoOlivaceo.html,CelestinoOlivaceo,Passeriformes,Thraupidae,,Fotos_CelestinoOlivaceo.html,Fotos_
Passeriformes/Thraupidae/Fotos_ColudoChico.html,ColudoChico,Passeriformes,Thraupidae,,Fotos_ColudoChico.html,Fotos_
Passeriformes/Thraupidae/Fotos_ColudoGrande.html,ColudoGrande,Passeriformes,Thraupidae,,Fotos_ColudoGrande.html,Fotos_
Passeriformes/Thraupidae/Fotos_ComeseboAndino.html,ComeseboAndino,Passeriformes,Thraupidae,,Fotos_ComeseboAndino.html,Fotos_
Passeriformes/Thraupidae/Fotos_ComeseboCabezaNegra.html,ComeseboCabezaNegra,Passeriformes,Thraupidae,,Fotos_ComeseboCabezaNegra.html,Fotos_
Passeriformes/Thraupidae/Fotos_ComeseboPatagonico.html,ComeseboPatagonico,Passeriformes,Thraupidae,,Fotos_ComeseboPatagonico.html,Fotos_
Passeriformes/Thraupidae/Fotos_CorbatitaBlanco.html,CorbatitaBlanco,Passeriformes,Thraupidae,,Fotos_CorbatitaBlanco.html,Fotos_
Passeriformes/Thraupidae/Fotos_CorbatitaComun.html,CorbatitaComun,Passeriformes,Thraupidae,,Fotos_CorbatitaComun.html,Fotos_
Passeriformes/Thraupidae/Fotos_CorbatitaDomino.html,CorbatitaDomino,Passeriformes,Thraupidae,,Fotos_CorbatitaDomino.html,Fotos_
Passeriformes/Thraupidae/Fotos_CorbatitaOvero.html,CorbatitaOvero,Passeriformes,Thraupidae,,Fotos_CorbatitaOvero.html,Fotos_
Passeriformes/Thraupidae/Fotos_Curio.html,Curio,Passeriformes,Thraupidae,,Fotos_Curio.html,Fotos_
Passeriformes/Thraupidae/Fotos_DiucaAlaBlanca.html,DiucaAlaBlanca,Passeriformes,Thraupidae,,Fotos_DiucaAlaBlanca.html,Fotos_
Passeriformes/Thraupidae/Fotos_DiucaComun.html,DiucaComun,Passeriformes,Thraupidae,,Fotos_DiucaComun.html,Fotos_
Passeriformes/Thraupidae/Fotos_EspigueroNegro.html,EspigueroNegro,Passeriformes,Thraupidae,,Fotos_EspigueroNegro.html,Fotos_
Passeriformes/Thraupidae/Fotos_FruteroAzul.html,FruteroAzul,Passeriformes,Thraupidae,,Fotos_FruteroAzul.html,Fotos_
Passeriformes/Thraupidae/Fotos_FruteroCoronaAmarilla.html,FruteroCoronaAmarilla,Passeriformes,Thraupidae,,Fotos_FruteroCoronaAmarilla.html,Fotos_
Passeriformes/Thraupidae/Fotos_FruteroCoronado.html,FruteroCoronado,Passeriformes,Thraupidae,,Fotos_FruteroCoronado.html,Fotos_
Passeriformes/Thraupidae/Fotos_FruteroNegro.html,FruteroNegro,Passeriformes,Thraupidae,,Fotos_FruteroNegro.html,Fotos_
Passeriformes/Thraupidae/Fotos_FruteroOvero.html,FruteroOvero,Passeriformes,Thraupidae,,Fotos_FruteroOvero.html,Fotos_
Passeriformes/Thraupidae/Fotos_JilgueroAustral.html,JilgueroAustral,Passeriformes,Thraupidae,,Fotos_JilgueroAustral.html,Fotos_
Passeriformes/Thraupidae/Fotos_JilgueroCaraGris.html,JilgueroCaraGris,Passeriformes,Thraupidae,,Fotos_JilgueroCaraGris.html,Fotos_
Passeriformes/Thraupidae/Fotos_JilgueroDorado.html,JilgueroDorado,Passeriformes,Thraupidae,,Fotos_JilgueroDorado.html,Fotos_
Passeriformes/Thraupidae/Fotos_JilgueroGrande.html,JilgueroGrande,Passeriformes,Thraupidae,,Fotos_JilgueroGrande.html,Fotos_
Passeriformes/Thraupidae/Fotos_JilgueroOlivaceo.html,JilgueroOlivaceo,Passeriformes,Thraupidae,,Fotos_JilgueroOlivaceo.html,Fotos_
Passeriformes/Thraupidae/Fotos_Mielero.html,Mielero,Passeriformes,Thraupidae,,Fotos_Mielero.html,Fotos_
Passeriformes/Thraupidae/Fotos_Misto.html,Misto,Passeriformes,Thraupidae,,Fotos_Misto.html,Fotos_
Passeriformes/Thraupidae/Fotos_MonteritaCabezaNegra.html,MonteritaCabezaNegra,Passeriformes,Thraupidae,,Fotos_MonteritaCabezaNegra.html,Fotos_
Passeriformes/Thraupidae/Fotos_MonteritaCanela.html,MonteritaCanela,Passeriformes,Thraupidae,,Fotos_MonteritaCanela.html,Fotos_
Passeriformes/Thraupidae/Fotos_MonteritaCejaRojiza.html,MonteritaCejaRojiza,Passeriformes,Thraupidae,,Fotos_MonteritaCejaRojiza.html,Fotos_
Passeriformes/Thraupidae/Fotos_MonteritaDeCollar.html,MonteritaDeCollar,Passeriformes,Thraupidae,,Fotos_MonteritaDeCollar.html,Fotos_
Passeriformes/Thraupidae/Fotos_MonteritaLitoral.html,MonteritaLitoral,Passeriformes,Thraupidae,,Fotos_MonteritaLitoral.html,Fotos_
Passeriformes/Thraupidae/Fotos_Naranjero.html,Naranjero,Passeriformes,Thraupidae,,Fotos_Naranjero.html,Fotos_
Passeriformes/Thraupidae/Fotos_Payador.html,Payador,Passeriformes,Thraupidae,,Fotos_Payador.html,Fotos_
Passeriformes/Thraupidae/Fotos_PiquitodeoroComun.html,PiquitodeoroComun,Passeriformes,Thraupidae,,Fotos_PiquitodeoroComun.html,Fotos_
Passeriformes/Thraupidae/Fotos_PiquitodeoroGrande.html,PiquitodeoroGrande,Passeriformes,Thraupidae,,Fotos_PiquitodeoroGrande.html,Fotos_
Passeriformes/Thraupidae/Fotos_SaiAzul.html,SaiAzul,Passeriformes,Thraupidae,,Fotos_SaiAzul.html,Fotos_
Passeriformes/Thraupidae/Fotos_SaiComunl.html,SaiComunl,Passeriformes,Thraupidae,,Fotos_SaiComunl.html,Fotos_
Passeriformes/Thraupidae/Fotos_SairaArcoiris.html,SairaArcoiris,Passeriformes,Thraupidae,,Fotos_SairaArcoiris.html,Fotos_
Passeriformes/Thraupidae/Fotos_SairaDeAntifaz.html,SairaDeAntifaz,Passeriformes,Thraupidae,,Fotos_SairaDeAntifaz.html,Fotos_
Passeriformes/Thraupidae/Fotos_SairaDorada.html,SairaDorada,Passeriformes,Thraupidae,,Fotos_SairaDorada.html,Fotos_
Passeriformes/Thraupidae/Fotos_SietevestidosComun.html,SietevestidosComun,Passeriformes,Thraupidae,,Fotos_SietevestidosComun.html,Fotos_
Passeriformes/Thraupidae/Fotos_SietevestidosSerrano.html,SietevestidosSerrano,Passeriformes,Thraupidae,,Fotos_SietevestidosSerrano.html,Fotos_
Passeriformes/Thraupidae/Fotos_SoldaditoComun.html,SoldaditoComun,Passeriformes,Thraupidae,,Fotos_SoldaditoComun.html,Fotos_
Passeriformes/Thraupidae/Fotos_TangaraGris.html,TangaraGris,Passeriformes,Thraupidae,,Fotos_TangaraGris.html,Fotos_
Passeriformes/Thraupidae/Fotos_Tersina.html,Tersina,Passeriformes,Thraupidae,,Fotos_Tersina.html,Fotos_
Passeriformes/Thraupidae/Fotos_Thr.html,Thr,Passeriformes,Thraupidae,,Fotos_Thr.html,Fotos_
Passeriformes/Thraupidae/Fotos_Verdon.html,Verdon,Passeriformes,Thraupidae,,Fotos_Verdon.html,Fotos_
Passeriformes/Thraupidae/Fotos_Volatinero.html,Volatinero,Passeriformes,Thraupidae,,Fotos_Volatinero.html,Fotos_
Passeriformes/Thraupidae/Fotos_YalAndino.html,YalAndino,Passeriformes,Thraupidae,,Fotos_YalAndino.html,Fotos_
Passeriformes/Thraupidae/Fotos_YalCarbonero.html,YalCarbonero,Passeriformes,Thraupidae,,Fotos_YalCarbonero.html,Fotos_
Passeriformes/Thraupidae/Fotos_YalChico.html,YalChico,Passeriformes,Thraupidae,,Fotos_YalChico.html,Fotos_
Passeriformes/Thraupidae/Fotos_YalNegro.html,YalNegro,Passeriformes,Thraupidae,,Fotos_YalNegro.html,Fotos_
Passeriformes/Thraupidae/Fotos_YalPlatero.html,YalPlatero,Passeriformes,Thraupidae,,Fotos_YalPlatero.html,Fotos_
Passeriformes/Thraupidae/Fotos_YalPlomizo.html,YalPlomizo,Passeriformes,Thraupidae,,Fotos_YalPlomizo.html,Fotos_
Passeriformes/Tityridae/Fotos_AnambeCastano.html,AnambeCastano,Passeriformes,Tityridae,,Fotos_AnambeCastano.html,Fotos_
Passeriformes/Tityridae/Fotos_AnambeComun.html,AnambeComun,Passeriformes,Tityridae,,Fotos_AnambeComun.html,Fotos_
Passeriformes/Tityridae/Fotos_AnambeGrande.html,AnambeGrande,Passeriformes,Tityridae,,Fotos_AnambeGrande.html,Fotos_
Passeriformes/Tityridae/Fotos_AnambeVerdoso.html,AnambeVerdoso,Passeriformes,Tityridae,,Fotos_AnambeVerdoso.html,Fotos_
Passeriformes/Tityridae/Fotos_BailarinOlivaceo.html,BailarinOlivaceo,Passeriformes,Tityridae,,Fotos_BailarinOlivaceo.html,Fotos_
Passeriformes/Tityridae/Fotos_BailarinVerde.html,BailarinVerde,Passeriformes,Tityridae,,Fotos_BailarinVerde.html,Fotos_
Passeriformes/Tityridae/Fotos_Tijerilla.html,Tijerilla,Passeriformes,Tityridae,,Fotos_Tijerilla.html,Fotos_
Passeriformes/Tityridae/Fotos_TuereChico.html,TuereChico,Passeriformes,Tityridae,,Fotos_TuereChico.html,Fotos_
Passeriformes/Tityridae/Fotos_TuereEnmascarado.html,TuereEnmascarado,Passeriformes,Tityridae,,Fotos_TuereEnmascarado.html,Fotos_
Passeriformes/Tityridae/Fotos_TuereGrande.html,TuereGrande,Passeriformes,Tityridae,,Fotos_TuereGrande.html,Fotos_
Passeriformes/Troglodytidae/Fotos_Ratona.html,Ratona,Passeriformes,Troglodytidae,,Fotos_Ratona.html,Fotos_
Passeriformes/Troglodytidae/Fotos_RatonaAperdizada.html,RatonaAperdizada,Passeriformes,Troglodytidae,,Fotos_RatonaAperdizada.html,Fotos_
Passeriformes/Troglodytidae/Fotos_RatonaCejaBlanca.html,RatonaCejaBlanca,Passeriformes,Troglodytidae,,Fotos_RatonaCejaBlanca.html,Fotos_
Passeriformes/Troglodytidae/Fotos_RatonaComun.html,RatonaComun,Passeriformes,Troglodytidae,,Fotos_RatonaComun.html,Fotos_
Passeriformes/Troglodytidae/Fotos_RatonaGrande.html,RatonaGrande,Passeriformes,Troglodytidae,,Fotos_RatonaGrande.html,Fotos_
Passeriformes/Turdidae/Fotos_Zorzal.html,Zorzal,Passeriformes,Turdidae,,Fotos_Zorzal.html,Fotos_
Passeriformes/Turdidae/Fotos_ZorzalCabezaNegra.html,ZorzalCabezaNegra,Passeriformes,Turdidae,,Fotos_ZorzalCabezaNegra.html,Fotos_
Passeriformes/Turdidae/Fotos_ZorzalChalchalero.html,ZorzalChalchalero,Passeriformes,Turdidae,,Fotos_ZorzalChalchalero.html,Fotos_
Passeriformes/Turdidae/Fotos_ZorzalChiguanco.html,ZorzalChiguanco,Passeriformes,Turdidae,,Fotos_ZorzalChiguanco.html,Fotos_
Passeriformes/Turdidae/Fotos_ZorzalColorado.html,ZorzalColorado,Passeriformes,Turdidae,,Fotos_ZorzalColorado.html,Fotos_
Passeriformes/Turdidae/Fotos_ZorzalPatagonico.html,ZorzalPatagonico,Passeriformes,Turdidae,,Fotos_ZorzalPatagonico.html,Fotos_
Passeriformes/Turdidae/Fotos_ZorzalSabia.html,ZorzalSabia,Passeriformes,Turdidae,,Fotos_ZorzalSabia.html,Fotos_
Passeriformes/Turdidae/Fotos_ZorzalitoBoreal.html,ZorzalitoBoreal,Passeriformes,Turdidae,,Fotos_ZorzalitoBoreal.html,Fotos_
Passeriformes/Turdidae/Fotos_ZorzalitoOvero.html,ZorzalitoOvero,Passeriformes,Turdidae,,Fotos_ZorzalitoOvero.html,Fotos_
Passeriformes/Tyrannidae/Fotos_Barullero.html,Barullero,Passeriformes,Tyrannidae,,Fotos_Barullero.html,Fotos_
Passeriformes/Tyrannidae/Fotos_BenteveoChico.html,BenteveoChico,Passeriformes,Tyrannidae,,Fotos_BenteveoChico.html,Fotos_
Passeriformes/Tyrannidae/Fotos_BenteveoComun.html,BenteveoComun,Passeriformes,Tyrannidae,,Fotos_BenteveoComun.html,Fotos_
Passeriformes/Tyrannidae/Fotos_BenteveoMediano.html,BenteveoMediano,Passeriformes,Tyrannidae,,Fotos_BenteveoMediano.html,Fotos_
Passeriformes/Tyrannidae/Fotos_BenteveoRayado.html,BenteveoRayado,Passeriformes,Tyrannidae,,Fotos_BenteveoRayado.html,Fotos_
Passeriformes/Tyrannidae/Fotos_BirroChico.html,BirroChico,Passeriformes,Tyrannidae,,Fotos_BirroChico.html,Fotos_
Passeriformes/Tyrannidae/Fotos_BirroComun.html,BirroComun,Passeriformes,Tyrannidae,,Fotos_BirroComun.html,Fotos_
Passeriformes/Tyrannidae/Fotos_BurlistoCastano.html,BurlistoCastano,Passeriformes,Tyrannidae,,Fotos_BurlistoCastano.html,Fotos_
Passeriformes/Tyrannidae/Fotos_BurlistoColaCastana.html,BurlistoColaCastana,Passeriformes,Tyrannidae,,Fotos_BurlistoColaCastana.html,Fotos_
Passeriformes/Tyrannidae/Fotos_BurlistoCopeton.html,BurlistoCopeton,Passeriformes,Tyrannidae,,Fotos_BurlistoCopeton.html,Fotos_
Passeriformes/Tyrannidae/Fotos_BurlistoCoronaNegra.html,BurlistoCoronaNegra,Passeriformes,Tyrannidae,,Fotos_BurlistoCoronaNegra.html,Fotos_
Passeriformes/Tyrannidae/Fotos_BurlistoPicoCanela.html,BurlistoPicoCanela,Passeriformes,Tyrannidae,,Fotos_BurlistoPicoCanela.html,Fotos_
Passeriformes/Tyrannidae/Fotos_BurlistoPicoNegro.html,BurlistoPicoNegro,Passeriformes,Tyrannidae,,Fotos_BurlistoPicoNegro.html,Fotos_
Passeriformes/Tyrannidae/Fotos_CachuditoPicoAmarillo.html,CachuditoPicoAmarillo,Passeriformes,Tyrannidae,,Fotos_CachuditoPicoAmarillo.html,Fotos_
Passeriformes/Tyrannidae/Fotos_CachuditoPicoNegro.html,CachuditoPicoNegro,Passeriformes,Tyrannidae,,Fotos_CachuditoPicoNegro.html,Fotos_
Passeriformes/Tyrannidae/Fotos_Calandrita.html,Calandrita,Passeriformes,Tyrannidae,,Fotos_Calandrita.html,Fotos_
Passeriformes/Tyrannidae/Fotos_Churrinche.html,Churrinche,Passeriformes,Tyrannidae,,Fotos_Churrinche.html,Fotos_
Passeriformes/Tyrannidae/Fotos_Diucon.html,Diucon,Passeriformes,Tyrannidae,,Fotos_Diucon.html,Fotos_
Passeriformes/Tyrannidae/Fotos_DoraditoComun.html,DoraditoComun,Passeriformes,Tyrannidae,,Fotos_DoraditoComun.html,Fotos_
Passeriformes/Tyrannidae/Fotos_DoraditoCopeton.html,DoraditoCopeton,Passeriformes,Tyrannidae,,Fotos_DoraditoCopeton.html,Fotos_
Passeriformes/Tyrannidae/Fotos_DoraditoLimon.html,DoraditoLimon,Passeriformes,Tyrannidae,,Fotos_DoraditoLimon.html,Fotos_
Passeriformes/Tyrannidae/Fotos_DormilonaCanela.html,DormilonaCanela,Passeriformes,Tyrannidae,,Fotos_DormilonaCanela.html,Fotos_
Passeriformes/Tyrannidae/Fotos_DormilonaCaraNegra.html,DormilonaCaraNegra,Passeriformes,Tyrannidae,,Fotos_DormilonaCaraNegra.html,Fotos_
Passeriformes/Tyrannidae/Fotos_DormilonaCejaBlanca.html,DormilonaCejaBlanca,Passeriformes,Tyrannidae,,Fotos_DormilonaCejaBlanca.html,Fotos_
Passeriformes/Tyrannidae/Fotos_DormilonaCenicienta.html,DormilonaCenicienta,Passeriformes,Tyrannidae,,Fotos_DormilonaCenicienta.html,Fotos_
Passeriformes/Tyrannidae/Fotos_DormilonaChica.html,DormilonaChica,Passeriformes,Tyrannidae,,Fotos_DormilonaChica.html,Fotos_
Passeriformes/Tyrannidae/Fotos_DormilonaFraile.html,DormilonaFraile,Passeriformes,Tyrannidae,,Fotos_DormilonaFraile.html,Fotos_
Passeriformes/Tyrannidae/Fotos_DormilonaFrenteNegra.html,DormilonaFrenteNegra,Passeriformes,Tyrannidae,,Fotos_DormilonaFrenteNegra.html,Fotos_
Passeriformes/Tyrannidae/Fotos_DormilonaGris.html,DormilonaGris,Passeriformes,Tyrannidae,,Fotos_DormilonaGris.html,Fotos_
Passeriformes/Tyrannidae/Fotos_FiofioCoronaDorada.html,FiofioCoronaDorada,Passeriformes,Tyrannidae,,Fotos_FiofioCoronaDorada.html,Fotos_
Passeriformes/Tyrannidae/Fotos_FiofioOscuro.html,FiofioOscuro,Passeriformes,Tyrannidae,,Fotos_FiofioOscuro.html,Fotos_
Passeriformes/Tyrannidae/Fotos_FiofioPicoCorto.html,FiofioPicoCorto,Passeriformes,Tyrannidae,,Fotos_FiofioPicoCorto.html,Fotos_
Passeriformes/Tyrannidae/Fotos_FiofioPlomizo.html,FiofioPlomizo,Passeriformes,Tyrannidae,,Fotos_FiofioPlomizo.html,Fotos_
Passeriformes/Tyrannidae/Fotos_FiofioSibon.html,FiofioSibon,Passeriformes,Tyrannidae,,Fotos_FiofioSibon.html,Fotos_
Passeriformes/Tyrannidae/Fotos_GauchoChico.html,GauchoChico,Passeriformes,Tyrannidae,,Fotos_GauchoChico.html,Fotos_
Passeriformes/Tyrannidae/Fotos_GauchoComun.html,GauchoComun,Passeriformes,Tyrannidae,,Fotos_GauchoComun.html,Fotos_
Passeriformes/Tyrannidae/Fotos_GauchoGrande.html,GauchoGrande,Passeriformes,Tyrannidae,,Fotos_GauchoGrande.html,Fotos_
Passeriformes/Tyrannidae/Fotos_GauchoSerrano.html,GauchoSerrano,Passeriformes,Tyrannidae,,Fotos_GauchoSerrano.html,Fotos_
Passeriformes/Tyrannidae/Fotos_Lavandera.html,Lavandera,Passeriformes,Tyrannidae,,Fotos_Lavandera.html,Fotos_
Passeriformes/Tyrannidae/Fotos_MonjitaBlanca.html,MonjitaBlanca,Passeriformes,Tyrannidae,,Fotos_MonjitaBlanca.html,Fotos_
Passeriformes/Tyrannidae/Fotos_MonjitaCastana.html,MonjitaCastana,Passeriformes,Tyrannidae,,Fotos_MonjitaCastana.html,Fotos_
Passeriformes/Tyrannidae/Fotos_MonjitaChocolate.html,MonjitaChocolate,Passeriformes,Tyrannidae,,Fotos_MonjitaChocolate.html,Fotos_
Passeriformes/Tyrannidae/Fotos_MonjitaCoronada.html,MonjitaCoronada,Passeriformes,Tyrannidae,,Fotos_MonjitaCoronada.html,Fotos_
Passeriformes/Tyrannidae/Fotos_MonjitaDominicana.html,MonjitaDominicana,Passeriformes,Tyrannidae,,Fotos_MonjitaDominicana.html,Fotos_
Passeriformes/Tyrannidae/Fotos_MonjitaGris.html,MonjitaGris,Passeriformes,Tyrannidae,,Fotos_MonjitaGris.html,Fotos_
Passeriformes/Tyrannidae/Fotos_MosquetaCabezaCanela.html,MosquetaCabezaCanela,Passeriformes,Tyrannidae,,Fotos_MosquetaCabezaCanela.html,Fotos_
Passeriformes/Tyrannidae/Fotos_MosquetaCejaAmarilla.html,MosquetaCejaAmarilla,Passeriformes,Tyrannidae,,Fotos_MosquetaCejaAmarilla.html,Fotos_
Passeriformes/Tyrannidae/Fotos_MosquetaCejaBlanca.html,MosquetaCejaBlanca,Passeriformes,Tyrannidae,,Fotos_MosquetaCejaBlanca.html,Fotos_
Passeriformes/Tyrannidae/Fotos_MosquetaComun.html,MosquetaComun,Passeriformes,Tyrannidae,,Fotos_MosquetaComun.html,Fotos_
Passeriformes/Tyrannidae/Fotos_MosquetaCoronaGris.html,MosquetaCoronaGris,Passeriformes,Tyrannidae,,Fotos_MosquetaCoronaGris.html,Fotos_
Passeriformes/Tyrannidae/Fotos_MosquetaCoronaOliva.html,MosquetaCoronaOliva,Passeriformes,Tyrannidae,,Fotos_MosquetaCoronaOliva.html,Fotos_
Passeriformes/Tyrannidae/Fotos_MosquetaCoronaParda.html,MosquetaCoronaParda,Passeriformes,Tyrannidae,,Fotos_MosquetaCoronaParda.html,Fotos_
Passeriformes/Tyrannidae/Fotos_MosquetaEnana.html,MosquetaEnana,Passeriformes,Tyrannidae,,Fotos_MosquetaEnana.html,Fotos_
Passeriformes/Tyrannidae/Fotos_MosquetaEstriada.html,MosquetaEstriada,Passeriformes,Tyrannidae,,Fotos_MosquetaEstriada.html,Fotos_
Passeriformes/Tyrannidae/Fotos_MosquetaMediaLuna.html,MosquetaMediaLuna,Passeriformes,Tyrannidae,,Fotos_MosquetaMediaLuna.html,Fotos_
Passeriformes/Tyrannidae/Fotos_MosquetaOjoDorado.html,MosquetaOjoDorado,Passeriformes,Tyrannidae,,Fotos_MosquetaOjoDorado.html,Fotos_
Passeriformes/Tyrannidae/Fotos_MosquetaParda.html,MosquetaParda,Passeriformes,Tyrannidae,,Fotos_MosquetaParda.html,Fotos_
Passeriformes/Tyrannidae/Fotos_MosquetaPicoCurvo.html,MosquetaPicoCurvo,Passeriformes,Tyrannidae,,Fotos_MosquetaPicoCurvo.html,Fotos_
Passeriformes/Tyrannidae/Fotos_MosquetaPicoPala.html,MosquetaPicoPala,Passeriformes,Tyrannidae,,Fotos_MosquetaPicoPala.html,Fotos_
Passeriformes/Tyrannidae/Fotos_MosquetaX.html,MosquetaX,Passeriformes,Tyrannidae,,Fotos_MosquetaX.html,Fotos_
Passeriformes/Tyrannidae/Fotos_Mosquitero.html,Mosquitero,Passeriformes,Tyrannidae,,Fotos_Mosquitero.html,Fotos_
Passeriformes/Tyrannidae/Fotos_Peutren.html,Peutren,Passeriformes,Tyrannidae,,Fotos_Peutren.html,Fotos_
Passeriformes/Tyrannidae/Fotos_Picabuey.html,Picabuey,Passeriformes,Tyrannidae,,Fotos_Picabuey.html,Fotos_
Passeriformes/Tyrannidae/Fotos_PicoDePlata.html,PicoDePlata,Passeriformes,Tyrannidae,,Fotos_PicoDePlata.html,Fotos_
Passeriformes/Tyrannidae/Fotos_PicochatoCabezon.html,PicochatoCabezon,Passeriformes,Tyrannidae,,Fotos_PicochatoCabezon.html,Fotos_
Passeriformes/Tyrannidae/Fotos_PicochatoGrande.html,PicochatoGrande,Passeriformes,Tyrannidae,,Fotos_PicochatoGrande.html,Fotos_
Passeriformes/Tyrannidae/Fotos_PiojitoComun.html,PiojitoComun,Passeriformes,Tyrannidae,,Fotos_PiojitoComun.html,Fotos_
Passeriformes/Tyrannidae/Fotos_PiojitoGargantilla.html,PiojitoGargantilla,Passeriformes,Tyrannidae,,Fotos_PiojitoGargantilla.html,Fotos_
Passeriformes/Tyrannidae/Fotos_PiojitoGris.html,PiojitoGris,Passeriformes,Tyrannidae,,Fotos_PiojitoGris.html,Fotos_
Passeriformes/Tyrannidae/Fotos_PiojitoSilbon.html,PiojitoSilbon,Passeriformes,Tyrannidae,,Fotos_PiojitoSilbon.html,Fotos_
Passeriformes/Tyrannidae/Fotos_PiojitoTrinador.html,PiojitoTrinador,Passeriformes,Tyrannidae,,Fotos_PiojitoTrinador.html,Fotos_
Passeriformes/Tyrannidae/Fotos_PitajoGris.html,PitajoGris,Passeriformes,Tyrannidae,,Fotos_PitajoGris.html,Fotos_
Passeriformes/Tyrannidae/Fotos_Pitangua.html,Pitangua,Passeriformes,Tyrannidae,,Fotos_Pitangua.html,Fotos_
Passeriformes/Tyrannidae/Fotos_SobrepuestoComun.html,SobrepuestoComun,Passeriformes,Tyrannidae,,Fotos_SobrepuestoComun.html,Fotos_
Passeriformes/Tyrannidae/Fotos_SobrepuestoPuneno.html,SobrepuestoPuneno,Passeriformes,Tyrannidae,,Fotos_SobrepuestoPuneno.html,Fotos_
Passeriformes/Tyrannidae/Fotos_SuiririAmarillo.html,SuiririAmarillo,Passeriformes,Tyrannidae,,Fotos_SuiririAmarillo.html,Fotos_
Passeriformes/Tyrannidae/Fotos_SuiririBoreal.html,SuiririBoreal,Passeriformes,Tyrannidae,,Fotos_SuiririBoreal.html,Fotos_
Passeriformes/Tyrannidae/Fotos_SuiririComun.html,SuiririComun,Passeriformes,Tyrannidae,,Fotos_SuiririComun.html,Fotos_
Passeriformes/Tyrannidae/Fotos_SuiririPicoCorto.html,SuiririPicoCorto,Passeriformes,Tyrannidae,,Fotos_SuiririPicoCorto.html,Fotos_
Passeriformes/Tyrannidae/Fotos_SuiririReal.html,SuiririReal,Passeriformes,Tyrannidae,,Fotos_SuiririReal.html,Fotos_
Passeriformes/Tyrannidae/Fotos_SuiririSilbon.html,SuiririSilbon,Passeriformes,Tyrannidae,,Fotos_SuiririSilbon.html,Fotos_
Passeriformes/Tyrannidae/Fotos_TachuriCanela.html,TachuriCanela,Passeriformes,Tyrannidae,,Fotos_TachuriCanela.html,Fotos_
Passeriformes/Tyrannidae/Fotos_TachuriSietecolores.html,TachuriSietecolores,Passeriformes,Tyrannidae,,Fotos_TachuriSietecolores.html,Fotos_
Passeriformes/Tyrannidae/Fotos_Tijereta.html,Tijereta,Passeriformes,Tyrannidae,,Fotos_Tijereta.html,Fotos_
Passeriformes/Tyrannidae/Fotos_TuquitoChico.html,TuquitoChico,Passeriformes,Tyrannidae,,Fotos_TuquitoChico.html,Fotos_
Passeriformes/Tyrannidae/Fotos_TuquitoGris.html,TuquitoGris,Passeriformes,Tyrannidae,,Fotos_TuquitoGris.html,Fotos_
Passeriformes/Tyrannidae/Fotos_ViuditaBlanca.html,ViuditaBlanca,Passeriformes,Tyrannidae,,Fotos_ViuditaBlanca.html,Fotos_
Passeriformes/Tyrannidae/Fotos_ViuditaChaquena.html,ViuditaChaquena,Passeriformes,Tyrannidae,,Fotos_ViuditaChaquena.html,Fotos_
Passeriformes/Tyrannidae/Fotos_ViuditaComun.html,ViuditaComun,Passeriformes,Tyrannidae,,Fotos_ViuditaComun.html,Fotos_
Passeriformes/Tyrannidae/Fotos_ViuditaDeRio.html,ViuditaDeRio,Passeriformes,Tyrannidae,,Fotos_ViuditaDeRio.html,Fotos_
Passeriformes/Tyrannidae/Fotos_ViuditaEnmascarada.html,ViuditaEnmascarada,Passeriformes,Tyrannidae,,Fotos_ViuditaEnmascarada.html,Fotos_
Passeriformes/Tyrannidae/Fotos_ViuditaPicoCeleste.html,ViuditaPicoCeleste,Passeriformes,Tyrannidae,,Fotos_ViuditaPicoCeleste.html,Fotos_
Passeriformes/Tyrannidae/Fotos_ViuditaPlomiza.html,ViuditaPlomiza,Passeriformes,Tyrannidae,,Fotos_ViuditaPlomiza.html,Fotos_
Passeriformes/Tyrannidae/Fotos_YetapaDeCollar.html,YetapaDeCollar,Passeriformes,Tyrannidae,,Fotos_YetapaDeCollar.html,Fotos_
Passeriformes/Tyrannidae/Fotos_YetapaGrande.html,YetapaGrande,Passeriformes,Tyrannidae,,Fotos_YetapaGrande.html,Fotos_
Passeriformes/Tyrannidae/Fotos_YetapaNegro.html,YetapaNegro,Passeriformes,Tyrannidae,,Fotos_YetapaNegro.html,Fotos_
Passeriformes/Vireonidae/Fotos_ChiviComun.html,ChiviComun,Passeriformes,Vireonidae,,Fotos_ChiviComun.html,Fotos_
Passeriformes/Vireonidae/Fotos_ChiviCoronado.html,ChiviCoronado,Passeriformes,Vireonidae,,Fotos_ChiviCoronado.html,Fotos_
Passeriformes/Vireonidae/FotosChivies.html,Chivies,Passeriformes,Vireonidae,,FotosChivies.html,Fotos
Passeriformes/Vireonidae/Fotos_JuanChiviro.html,JuanChiviro,Passeriformes,Vireonidae,,Fotos_JuanChiviro.html,Fotos_
Pelecaniformes/Fotos_BandurriaAustral.html,BandurriaAustral,Pelecaniformes,,,Fotos_BandurriaAustral.html,Fotos_
Pelecaniformes/Fotos_BandurriaBoreal.html,BandurriaBoreal,Pelecaniformes,,,Fotos_BandurriaBoreal.html,Fotos_
Pelecaniformes/Fotos_BandurriaMora.html,BandurriaMora,Pelecaniformes,,,Fotos_BandurriaMora.html,Fotos_
Pelecaniformes/Fotos_Chiflon.html,Chiflon,Pelecaniformes,,,Fotos_Chiflon.html,Fotos_
Pelecaniformes/Fotos_CuervilloCaraPelada.html,CuervilloCaraPelada,Pelecaniformes,,,Fotos_CuervilloCaraPelada.html,Fotos_
Pelecaniformes/Fotos_CuervilloDeCanada.html,CuervilloDeCanada,Pelecaniformes,,,Fotos_CuervilloDeCanada.html,Fotos_
Pelecaniformes/Fotos_CuervilloPuneno.html,CuervilloPuneno,Pelecaniformes,,,Fotos_CuervilloPuneno.html,Fotos_
Pelecaniformes/Fotos_EspatulaRosada.html,EspatulaRosada,Pelecaniformes,,,Fotos_EspatulaRosada.html,Fotos_
Pelecaniformes/Fotos_GarcitaAzulada.html,GarcitaAzulada,Pelecaniformes,,,Fotos_GarcitaAzulada.html,Fotos_
Pelecaniformes/Fotos_GarcitaBlanca.html,GarcitaBlanca,Pelecaniformes,,,Fotos_GarcitaBlanca.html,Fotos_
Pelecaniformes/Fotos_GarcitaBueyera.html,GarcitaBueyera,Pelecaniformes,,,Fotos_GarcitaBueyera.html,Fotos_
Pelecaniformes/Fotos_GarzaAzul.html,GarzaAzul,Pelecaniformes,,,Fotos_GarzaAzul.html,Fotos_
Pelecaniformes/Fotos_GarzaBlanca.html,GarzaBlanca,Pelecaniformes,,,Fotos_GarzaBlanca.html,Fotos_
Pelecaniformes/Fotos_GarzaBruja.html,GarzaBruja,Pelecaniformes,,,Fotos_GarzaBruja.html,Fotos_
Pelecaniformes/Fotos_GarzaMora.html,GarzaMora,Pelecaniformes,,,Fotos_GarzaMora.html,Fotos_
Pelecaniformes/Fotos_HocoColorado.html,HocoColorado,Pelecaniformes,,,Fotos_HocoColorado.html,Fotos_
Pelecaniformes/Fotos_MirasolComun.html,MirasolComun,Pelecaniformes,,,Fotos_MirasolComun.html,Fotos_
Pelecaniformes/Fotos_MirasolGrande.html,MirasolGrande,Pelecaniformes,,,Fotos_MirasolGrande.html,Fotos_
Pelecaniformes/Fotos_Tijerilla.html,Tijerilla,Pelecaniformes,,,Fotos_Tijerilla.html,Fotos_
Phoenicopteriformes/Fotos_FlamencoAustral.html,FlamencoAustral,Phoenicopteriformes,,,Fotos_FlamencoAustral.html,Fotos_
Phoenicopteriformes/Fotos_ParinaChica.html,ParinaChica,Phoenicopteriformes,,,Fotos_ParinaChica.html,Fotos_
Phoenicopteriformes/Fotos_ParinaGrande.html,ParinaGrande,Phoenicopteriformes,,,Fotos_ParinaGrande.html,Fotos_
Piciformes/Fotos_ArasariBanana.html,ArasariBanana,Piciformes,,,Fotos_ArasariBanana.html,Fotos_
Piciformes/Fotos_ArasariFajado.html,ArasariFajado,Piciformes,,,Fotos_ArasariFajado.html,Fotos_
Piciformes/Fotos_CarpinteritoArcoiris.html,CarpinteritoArcoiris,Piciformes,,,Fotos_CarpinteritoArcoiris.html,Fotos_
Piciformes/Fotos_CarpinteritoComun.html,CarpinteritoComun,Piciformes,,,Fotos_CarpinteritoComun.html,Fotos_
Piciformes/Fotos_CarpinteritoCuelloCanela.html,CarpinteritoCuelloCanela,Piciformes,,,Fotos_CarpinteritoCuelloCanela.html,Fotos_
Piciformes/Fotos_Carpintero.html,Carpintero,Piciformes,,,Fotos_Carpintero.html,Fotos_
Piciformes/Fotos_CarpinteroAndino.html,CarpinteroAndino,Piciformes,,,Fotos_CarpinteroAndino.html,Fotos_
Piciformes/Fotos_CarpinteroBatarazChico.html,CarpinteroBatarazChico,Piciformes,,,Fotos_CarpinteroBatarazChico.html,Fotos_
Piciformes/Fotos_CarpinteroBatarazGrande.html,CarpinteroBatarazGrande,Piciformes,,,Fotos_CarpinteroBatarazGrande.html,Fotos_
Piciformes/Fotos_CarpinteroBlanco.html,CarpinteroBlanco,Piciformes,,,Fotos_CarpinteroBlanco.html,Fotos_
Piciformes/Fotos_CarpinteroCampestre.html,CarpinteroCampestre,Piciformes,,,Fotos_CarpinteroCampestre.html,Fotos_
Piciformes/Fotos_CarpinteroCopeteAmarillo.html,CarpinteroCopeteAmarillo,Piciformes,,,Fotos_CarpinteroCopeteAmarillo.html,Fotos_
Piciformes/Fotos_CarpinteroCopetePajizo.html,CarpinteroCopetePajizo,Piciformes,,,Fotos_CarpinteroCopetePajizo.html,Fotos_
Piciformes/Fotos_CarpinteroDelCardon.html,CarpinteroDelCardon,Piciformes,,,Fotos_CarpinteroDelCardon.html,Fotos_
Piciformes/Fotos_CarpinteroDoradoComun.html,CarpinteroDoradoComun,Piciformes,,,Fotos_CarpinteroDoradoComun.html,Fotos_
Piciformes/Fotos_CarpinteroGargantaEstriada.html,CarpinteroGargantaEstriada,Piciformes,,,Fotos_CarpinteroGargantaEstriada.html,Fotos_
Piciformes/Fotos_CarpinteroGargantaNegra.html,CarpinteroGargantaNegra,Piciformes,,,Fotos_CarpinteroGargantaNegra.html,Fotos_
Piciformes/Fotos_CarpinteroGigante.html,CarpinteroGigante,Piciformes,,,Fotos_CarpinteroGigante.html,Fotos_
Piciformes/Fotos_CarpinteroGrande.html,CarpinteroGrande,Piciformes,,,Fotos_CarpinteroGrande.html,Fotos_
Piciformes/Fotos_CarpinteroLomoBlanco.html,CarpinteroLomoBlanco,Piciformes,,,Fotos_CarpinteroLomoBlanco.html,Fotos_
Piciformes/Fotos_CarpinteroOlivaOscuro.html,CarpinteroOlivaOscuro,Piciformes,,,Fotos_CarpinteroOlivaOscuro.html,Fotos_
Piciformes/Fotos_CarpinteroOlivaYungeno.html,CarpinteroOlivaYungeno,Piciformes,,,Fotos_CarpinteroOlivaYungeno.html,Fotos_
Piciformes/Fotos_CarpinteroPitio.html,CarpinteroPitio,Piciformes,,,Fotos_CarpinteroPitio.html,Fotos_
Piciformes/Fotos_CarpinteroRealComun.html,CarpinteroRealComun,Piciformes,,,Fotos_CarpinteroRealComun.html,Fotos_
Piciformes/Fotos_DoradoGris.html,DoradoGris,Piciformes,,,Fotos_DoradoGris.html,Fotos_
Piciformes/Fotos_TucanGrande.html,TucanGrande,Piciformes,,,Fotos_TucanGrande.html,Fotos_
Piciformes/Fotos_TucanPicoVerde.html,TucanPicoVerde,Piciformes,,,Fotos_TucanPicoVerde.html,Fotos_
Podicipediformes/FotosMacaComun.html,MacaComun,Podicipediformes,,,FotosMacaComun.html,Fotos
Podicipediformes/FotosMacaGrande.html,MacaGrande,Podicipediformes,,,FotosMacaGrande.html,Fotos
Podicipediformes/FotosMacaGris.html,MacaGris,Podicipediformes,,,FotosMacaGris.html,Fotos
Podicipediformes/FotosMacaPicoGrueso.html,MacaPicoGrueso,Podicipediformes,,,FotosMacaPicoGrueso.html,Fotos
Podicipediformes/FotosMacaPlateado.html,MacaPlateado,Podicipediformes,,,FotosMacaPlateado.html,Fotos
Procellariiformes/FotosAlbatrosCejaNegra.html,AlbatrosCejaNegra,Procellariiformes,,,FotosAlbatrosCejaNegra.html,Fotos
Procellariiformes/FotosAlbatrosPicoFino.html,AlbatrosPicoFino,Procellariiformes,,,FotosAlbatrosPicoFino.html,Fotos
Procellariiformes/FotosAlbatrosReal.html,AlbatrosReal,Procellariiformes,,,FotosAlbatrosReal.html,Fotos
Procellariiformes/FotosPainoComun.html,PainoComun,Procellariiformes,,,FotosPainoComun.html,Fotos
Procellariiformes/FotosPardelaCabezaNegra.html,PardelaCabezaNegra,Procellariiformes,,,FotosPardelaCabezaNegra.html,Fotos
Procellariiformes/FotosPardelaOscura.html,PardelaOscura,Procellariiformes,,,FotosPardelaOscura.html,Fotos
Procellariiformes/FotosPetrelBarbaBlanca.html,PetrelBarbaBlanca,Procellariiformes,,,FotosPetrelBarbaBlanca.html,Fotos
Procellariiformes/FotosPetrelDamero.html,PetrelDamero,Procellariiformes,,,FotosPetrelDamero.html,Fotos
Procellariiformes/FotosPetrelGiganteComun.html,PetrelGiganteComun,Procellariiformes,,,FotosPetrelGiganteComun.html,Fotos
Procellariiformes/Fotos_ZorzalCabezaNegra.html,ZorzalCabezaNegra,Procellariiformes,,,Fotos_ZorzalCabezaNegra.html,Fotos_
Procellariiformes/Fotos_ZorzalitoOvero.html,ZorzalitoOvero,Procellariiformes,,,Fotos_ZorzalitoOvero.html,Fotos_
Psittaciformes/Fotos_Cachana.html,Cachana,Psittaciformes,,,Fotos_Cachana.html,Fotos_
Psittaciformes/Fotos_CalancateAlaRoja.html,CalancateAlaRoja,Psittaciformes,,,Fotos_CalancateAlaRoja.html,Fotos_
Psittaciformes/Fotos_CalancateComun.html,CalancateComun,Psittaciformes,,,Fotos_CalancateComun.html,Fotos_
Psittaciformes/Fotos_CalancateFrenteDorada.html,CalancateFrenteDorada,Psittaciformes,,,Fotos_CalancateFrenteDorada.html,Fotos_
Psittaciformes/Fotos_CatitaChiriri.html,CatitaChiriri,Psittaciformes,,,Fotos_CatitaChiriri.html,Fotos_
Psittaciformes/Fotos_CatitaSerranaChica.html,CatitaSerranaChica,Psittaciformes,,,Fotos_CatitaSerranaChica.html,Fotos_
Psittaciformes/Fotos_CatitaSerranaGrande.html,CatitaSerranaGrande,Psittaciformes,,,Fotos_CatitaSerranaGrande.html,Fotos_
Psittaciformes/Fotos_ChiripepeCabezaParda.html,ChiripepeCabezaParda,Psittaciformes,,,Fotos_ChiripepeCabezaParda.html,Fotos_
Psittaciformes/Fotos_ChiripepeCabezaVerde.html,ChiripepeCabezaVerde,Psittaciformes,,,Fotos_ChiripepeCabezaVerde.html,Fotos_
Psittaciformes/Fotos_CotorraComun.html,CotorraComun,Psittaciformes,,,Fotos_CotorraComun.html,Fotos_
Psittaciformes/Fotos_LoroAlisero.html,LoroAlisero,Psittaciformes,,,Fotos_LoroAlisero.html,Fotos_
Psittaciformes/Fotos_LoroBarranquero.html,LoroBarranquero,Psittaciformes,,,Fotos_LoroBarranquero.html,Fotos_
Psittaciformes/Fotos_LoroHablador.html,LoroHablador,Psittaciformes,,,Fotos_LoroHablador.html,Fotos_
Psittaciformes/Fotos_LoroMaitaca.html,LoroMaitaca,Psittaciformes,,,Fotos_LoroMaitaca.html,Fotos_
Psittaciformes/Fotos_MaracanaCDorado.html,MaracanaCDorado,Psittaciformes,,,Fotos_MaracanaCDorado.html,Fotos_
Psittaciformes/Fotos_Nanday.html,Nanday,Psittaciformes,,,Fotos_Nanday.html,Fotos_
Rheiformes/FotosRheas_Choique.html,Choique,Rheiformes,,,FotosRheas_Choique.html,FotosRheas_
Rheiformes/FotosRheas_Nandu.html,Nandu,Rheiformes,,,FotosRheas_Nandu.html,FotosRheas_
Sphenisciformes/FotosPinguinos_Magallanes.html,PinguinoMagallanes,Sphenisciformes,,,FotosPinguinos_Magallanes.html,FotosPinguinos_
Sphenisciformes/FotosPinguinoRey.html,PinguinoRey,Sphenisciformes,,,FotosPinguinoRey.html,FotosPinguino
Sphenisciformes/FotosPinguinos_Vincha.html,PinguinoVincha,Sphenisciformes,,,FotosPinguinos_Vincha.html,FotosPinguinos_
Strigiformes/Fotos_AlilicucoComun.html,AlilicucoComun,Strigiformes,,,Fotos_AlilicucoComun.html,Fotos_
Strigiformes/Fotos_AlilicucoYungueno.html,AlilicucoYungueno,Strigiformes,,,Fotos_AlilicucoYungueno.html,Fotos_
Strigiformes/Fotos_CabureChico.html,CabureChico,Strigiformes,,,Fotos_CabureChico.html,Fotos_
Strigiformes/Fotos_CabureGrande.html,CabureGrande,Strigiformes,,,Fotos_CabureGrande.html,Fotos_
Strigiformes/Fotos_LechucitaVizcachera.html,LechucitaVizcachera,Strigiformes,,,Fotos_LechucitaVizcachera.html,Fotos_
Strigiformes/Fotos_LechuzaDeCampanario.html,LechuzaDeCampanario,Strigiformes,,,Fotos_LechuzaDeCampanario.html,Fotos_
Strigiformes/Fotos_LechuzonDeCampo.html,LechuzonDeCampo,Strigiformes,,,Fotos_LechuzonDeCampo.html,Fotos_
Strigiformes/Fotos_LechuzonMochoChico.html,LechuzonMochoChico,Strigiformes,,,Fotos_LechuzonMochoChico.html,Fotos_
Strigiformes/Fotos_LechuzonMochoGrande.html,LechuzonMochoGrande,Strigiformes,,,Fotos_LechuzonMochoGrande.html,Fotos_
Strigiformes/Fotos_LechuzonOrejudo.html,LechuzonOrejudo,Strigiformes,,,Fotos_LechuzonOrejudo.html,Fotos_
Strigiformes/Fotos_Nacurutu.html,Nacurutu,Strigiformes,,,Fotos_Nacurutu.html,Fotos_
Strigiformes/Fotos_Tucuquere.html,Tucuquere,Strigiformes,,,Fotos_Tucuquere.html,Fotos_
Suliformes/FotosAninga.html,Aninga,Suliformes,,,FotosAninga.html,Fotos
Suliformes/FotosAveFragata.html,AveFragata,Suliformes,,,FotosAveFragata.html,Fotos
Suliformes/FotosBigua.html,Bigua,Suliformes,,,FotosBigua.html,Fotos
Suliformes/FotosCormoranCuelloNegro.html,CormoranCuelloNegro,Suliformes,,,FotosCormoranCuelloNegro.html,Fotos
Suliformes/FotosCormoranGris.html,CormoranGris,Suliformes,,,FotosCormoranGris.html,Fotos
Suliformes/FotosCormoranGuanay.html,CormoranGuanay,Suliformes,,,FotosCormoranGuanay.html,Fotos
Suliformes/FotosCormoranReal.html,CormoranReal,Suliformes,,,FotosCormoranReal.html,Fotos
Tinamiformes/FotosPerdices_Colorada.html,Colorada,Tinamiformes,,,FotosPerdices_Colorada.html,FotosPerdices_
Tinamiformes/FotosPerdices_InambuCom.html,InambuCom,Tinamiformes,,,FotosPerdices_InambuCom.html,FotosPerdices_
Tinamiformes/FotosPerdices_InambuSerrano.html,InambuSerrano,Tinamiformes,,,FotosPerdices_InambuSerrano.html,FotosPerdices_
Tinamiformes/FotosPerdices_InambuSilbon.html,InambuSilbon,Tinamiformes,,,FotosPerdices_InambuSilbon.html,FotosPerdices_
Tinamiformes/FotosPerdices_MartinetaCom.html,MartinetaCom,Tinamiformes,,,FotosPerdices_MartinetaCom.html,FotosPerdices_
Tinamiformes/FotosPerdices_TataupaComun.html,TataupaComun,Tinamiformes,,,FotosPerdices_TataupaComun.html,FotosPerdices_
Trochiliformes/Fotos_ColibriNucaBlanca.html,ColibriNucaBlanca,Trochiliformes,,,Fotos_ColibriNucaBlanca.html,Fotos_
Trochiliformes/Fotos_Cometa.html,Cometa,Trochiliformes,,,Fotos_Cometa.html,Fotos_
Trochiliformes/Fotos_ErmitanoCanela.html,ErmitanoCanela,Trochiliformes,,,Fotos_ErmitanoCanela.html,Fotos_
Trochiliformes/Fotos_Picaflor.html,Picaflor,Trochiliformes,,,Fotos_Picaflor.html,Fotos_
Trochiliformes/Fotos_PicaflorAndino.html,PicaflorAndino,Trochiliformes,,,Fotos_PicaflorAndino.html,Fotos_
Trochiliformes/Fotos_PicaflorBronceado.html,PicaflorBronceado,Trochiliformes,,,Fotos_PicaflorBronceado.html,Fotos_
Trochiliformes/Fotos_PicaflorComun.html,PicaflorComun,Trochiliformes,,,Fotos_PicaflorComun.html,Fotos_
Trochiliformes/Fotos_PicaflorCopeton.html,PicaflorCopeton,Trochiliformes,,,Fotos_PicaflorCopeton.html,Fotos_
Trochiliformes/Fotos_PicaflorCoronaViolacea.html,PicaflorCoronaViolacea,Trochiliformes,,,Fotos_PicaflorCoronaViolacea.html,Fotos_
Trochiliformes/Fotos_PicaflorDeBarbijo.html,PicaflorDeBarbijo,Trochiliformes,,,Fotos_PicaflorDeBarbijo.html,Fotos_
Trochiliformes/Fotos_PicaflorEsmeralda.html,PicaflorEsmeralda,Trochiliformes,,,Fotos_PicaflorEsmeralda.html,Fotos_
Trochiliformes/Fotos_PicaflorFrenteAzul.html,PicaflorFrenteAzul,Trochiliformes,,,Fotos_PicaflorFrenteAzul.html,Fotos_
Trochiliformes/Fotos_PicaflorGargantaBlanca.html,PicaflorGargantaBlanca,Trochiliformes,,,Fotos_PicaflorGargantaBlanca.html,Fotos_
Trochiliformes/Fotos_PicaflorGigante.html,PicaflorGigante,Trochiliformes,,,Fotos_PicaflorGigante.html,Fotos_
Trochiliformes/Fotos_PicaflorGrande.html,PicaflorGrande,Trochiliformes,,,Fotos_PicaflorGrande.html,Fotos_
Trochiliformes/Fotos_PicaflorNegro.html,PicaflorNegro,Trochiliformes,,,Fotos_PicaflorNegro.html,Fotos_
Trochiliformes/Fotos_PicaflorPuneno.html,PicaflorPuneno,Trochiliformes,,,Fotos_PicaflorPuneno.html,Fotos_
Trochiliformes/Fotos_PicaflorRubi.html,PicaflorRubi,Trochiliformes,,,Fotos_PicaflorRubi.html,Fotos_
Trochiliformes/Fotos_PicaflorTijera.html,PicaflorTijera,Trochiliformes,,,Fotos_PicaflorTijera.html,Fotos_
Trochiliformes/Fotos_PicaflorVientreBlanco.html,PicaflorVientreBlanco,Trochiliformes,,,Fotos_PicaflorVientreBlanco.html,Fotos_
Trochiliformes/Fotos_PicaflorVientreNegro.html,PicaflorVientreNegro,Trochiliformes,,,Fotos_PicaflorVientreNegro.html,Fotos_
Trochiliformes/Fotos_PicaflorYunguenio.html,PicaflorYunguenio,Trochiliformes,,,Fotos_PicaflorYunguenio.html,Fotos_
Trogoniformes/Fotos_SurucuaAmarillo.html,SurucuaAmarillo,Trogoniformes,,,Fotos_SurucuaAmarillo.html,Fotos_
Trogoniformes/Fotos_SurucuaAurora.html,SurucuaAurora,Trogoniformes,,,Fotos_SurucuaAurora.html,Fotos_
Trogoniformes/Fotos_SurucuaComun.html,SurucuaComun,Trogoniformes,,,Fotos_SurucuaComun.html,Fotos_
